relative_path	size_bytes	sha256
.github/workflows/docs.yml	1563	cf63c8cafdd71646e9000a8181c9feac1bad70d387a303ebab221e1ba5b2ce72
.gitignore	77	4f8a67d72c5edd83ed22c6146fe22148c1ef6b599ef718be594dea50ca65033e
COMPLETE_PACKAGE_VALIDATION_v0_9_0.txt	2693	723287755ac375766cdde84558449e224060779791a4d40c1bcd7329c965c1ce
E3_MASTER_WORKFLOW_AND_PYTHON_APP_HANDOVER_v0_1_0.md	5070	292784fd7c9ef88f643faefbd4afbdfa758befe2558caf2f33540dcda8cfa59a
E3_shiny_app/DATA_RESOURCE_GUIDE.md	2701	e09bfe721c9b3b09ffa4746648c87348756b9a46fac599e75576818b9224a0a5
E3_shiny_app/DESCRIPTION	980	6b6f63f7cd487a5e4cb87840c580ff514a1f824f311bf55bb1f53e2808077c5a
E3_shiny_app/LICENSE	42	416afe6ed9a8da2e93632b4bff426eb83eb099dcca6ccd0f55c50cd60636a8d5
E3_shiny_app/NAMESPACE	24	dd611cbc53888197dc4b4dafe0dec503e8efb0c96c3b22617552d305c235e930
E3_shiny_app/R/app_config.R	5548	916c763f8b34e6afb77e6c8f8dba1cdd6b455eb6fd3807c5d90aaabe61c3e7dc
E3_shiny_app/R/data_source_report.R	6620	5d890624eb823d117ad72b849ebb830f05891c25ac0646c76556ec146c990127
E3_shiny_app/R/data_sources.R	10576	14cdb23f89aee130bd2956e67ef0a4f321ad7879cf6c3ae9931780f8d96a6a63
E3_shiny_app/R/module_data_sources.R	3513	ee697e1f9d9e44a2dde2c1e81f1f6e7c7cc8eb9cc51fcda242144bcd5b34571f
E3_shiny_app/R/module_expression_filters.R	6924	994f0111b10a4d2b8fb9b7e0188297576b0446eedc2f623e6cb849abb3214874
E3_shiny_app/R/module_expression_plots.R	13142	002e82052815fdbddd3b09b36d3ce6f1b3c55b314f7db4622951f44fd83c6da3
E3_shiny_app/R/module_expression_summary.R	4123	bde8aa28c8f89c46efc5655e52be6c29f9f4987215bce612fba2d9dd9c8b2748
E3_shiny_app/R/module_expression_table.R	1800	7ae753cddc03fc8631e3960475e6f24630b1fcf612c917243385f089752d5259
E3_shiny_app/R/module_gene_lookup.R	1952	f7d9bf91a1b61fbae3e9696482cb0db0f541f4140c0d083cd700f6c05654751e
E3_shiny_app/R/module_grant_overview.R	4048	f899c6d2c48e95bf70b7fef18f8a3d28fa6e186ed7314de64c797371face2d9c
E3_shiny_app/R/module_resource_browser.R	5843	6cb82f2f6eb52e8182e622089e41d824e7e5cb4d295821275af55387f9d7af5d
E3_shiny_app/R/module_resource_overview.R	3051	9e95cbf113b616778b99dae7e0060d9d0446d53dc3aa9bf44609b38287fe761f
E3_shiny_app/R/module_result_section.R	7418	d00f16d377b3963e8ae48c7cef0490041d6b849ae0fb76a40a4f2f225254daa8
E3_shiny_app/R/query_helpers.R	17202	27ec9138115576a1ed1ea6c43ca8980e68987fe0d505f5b48f863e83526b6776
E3_shiny_app/R/resource_helpers.R	8992	78524b8b021c9e85b8a0a09265a9d2b3ef32870aeab76d18a7e01f1e3f110072
E3_shiny_app/R/resource_source.R	8905	d5cb599f23e626685a28785aacaa2e8f99ad58211da32d2d0bf98fa78e0f467a
E3_shiny_app/R/result_sections.R	11963	911bdee74194415d14716f0046b5793d991c9630082b71e87ddba717f39beb9e
E3_shiny_app/R/utils.R	2409	a2b091a8047dc8a212d1ccb772f6281ef2a0387925fd100f8fa343fcd0b236dc
E3_shiny_app/README.md	4786	5275284b31759ae702ee8b540723319de294a5359013eb53d93797f235118387
E3_shiny_app/RELEASE_NOTES_v0_4_0.md	737	e032648ee42109a29707acf39cadba4b82c4a64c971b398735120a0fd5bfeff7
E3_shiny_app/TEST_RESULTS.txt	1013	4cb2e5acadf75afdadd0bcc0f78d842a3137713ac2e404826e40c290a88c2aac
E3_shiny_app/app.R	7552	e06aa42cf98eecd2a8a2b5ab8dc55c9df3ef051e9e75d751b4df6d1c5304faab
E3_shiny_app/config/app_config.example.tsv	982	4f2e720eb028f3256ad24cef65c954d9583cdbd9f8e917334b2dfebde1203780
E3_shiny_app/inst/scripts/check_dependencies.R	1272	e4075a12ad902f74bf6911b87809e612c28e63836a22f2c32c852d52ce787b49
E3_shiny_app/inst/scripts/run_app.R	1699	be805ae84d5404be51f2a7a7642fcbaf30373b2a7a1a2f6df20257076408a58d
E3_shiny_app/inst/scripts/run_tests.R	571	a307dccac6cf86df6b3c744dd22b6f136cc9f7840e29826a6eaabc98fcbf6cea
E3_shiny_app/inst/scripts/script_utils.R	1313	e404374f4fe6aa9b8237fb4cfb34239bf6a55b997f93b7bde2e1bed652c8a693
E3_shiny_app/inst/scripts/write_data_sources_report.R	1180	11346aedcfad2c59670ad9ef880bcba0e15711844ee060fc6bf3e7d032cf5d84
E3_shiny_app/run_app.sh	151	552978d37a6491526e4ffb40dd40620eacfcb90863a91b1d58b99fe355518a59
E3_shiny_app/tests/testthat/helper-load.R	4598	500fc06861f924a84765be139a3ad4d64e178a1afcb6669bfdaf8dd9cc0096d9
E3_shiny_app/tests/testthat/test_config.R	2059	d797adc5a892e5f6a7af1388949a8b1fb4289ff8755ca4794805dd339ba2e9c4
E3_shiny_app/tests/testthat/test_data_source_report.R	2261	85b37028003b354875dabc0185f8dd5bd0f538b82bce497dcc7ff4702eb65869
E3_shiny_app/tests/testthat/test_data_sources.R	3823	f46e0c0492f954865675f49b64a011242d44aa925d98c5f62479eac13b31a5a1
E3_shiny_app/tests/testthat/test_expression_plots.R	5123	3dcb6472d6475fed5c8e580835eac16c5fa473ad940a7aecf62657d9f0bd0160
E3_shiny_app/tests/testthat/test_gene_search_sql.R	1069	a425e7ae98751e01afc2dae41e97148daa3a7e4688751fa64939857d9ae68ae8
E3_shiny_app/tests/testthat/test_modules_server.R	4042	468fb5c8218747b824d024935387d11115d159e9bd9dd9ba26612b6579eda3d3
E3_shiny_app/tests/testthat/test_modules_ui.R	1440	e60a9a09c2d67de42befd08938e2ad9203e132422c03bbedef08566751bf753d
E3_shiny_app/tests/testthat/test_query_helpers.R	6056	53a59888f1d78bfc66e371b84e65fef902c0eb4adcef85964183d7da4c197a55
E3_shiny_app/tests/testthat/test_resource_helpers.R	2133	e973695e10f75ade188fe6cae2dfdbf396bc4bc62e97ff5597335dc800c806ba
E3_shiny_app/tests/testthat/test_resource_modules_ui.R	1194	847dc54bf6a26bcf22d969c8e4d5fc1c440af2a3619b184041b9bacfde7739d9
E3_shiny_app/tests/testthat/test_result_sections.R	3058	c0d6a86c5d223856cb756d561deee1f2606d478514fb88ca025ef164d9e0bea1
E3_shiny_app/tests/testthat/test_result_sources.R	3281	55f0eb0d76ce9e972cd14731873a4770a9b979b73306f18c45b285dd37fcbf4c
E3_shiny_app/tests/testthat/test_script_utils.R	773	5c1f33569618009b54d406f78d69d93e9a1dde491decb03159701da4189e5920
E3_shiny_app/tests/testthat/test_sql_helpers.R	686	5aa3573284427dd14c727094cec548344accae0a79c646c2fb90a7b71f320d2b
E3_shiny_app/tests/testthat/test_utils.R	1418	12873d8aac84feb02d896aecc5662d2bb1a69a9a81173fc7fff60682341900ba
E3_shiny_app/www/app.css	847	69fea40f544a714c2f95cf4abedc4b92ba0102bedb105fd5183d4ed602efc976
FILE_MANIFEST_v0_9_0.tsv	73684	07bd8c582483f7bf7e9b5af35c49ee67bcc7c9ca1ced123ddfa908220ec5a06b
LICENSE	1069	ff582c815fc0fed8516b830f605428c6afd2fe4ab651ae7184c91fa73916822c
README.md	30878	2bb19f1790e67a02c1af56f95da824f70e185258a820f104fd5b2c38c28829a3
RELEASE_VALIDATION_v0_7_2.md	2578	338206c980d7880821b4878a30863b05d9f3150cca089541f0497b9caae80915
RELEASE_VALIDATION_v0_7_3.md	1354	8afa79badd98c4232742c2efd01b907bc68edb052858f7beaceb5f1da08b9778
RELEASE_VALIDATION_v0_8_0.md	1972	57165c3f60bef829deb72c5bad01d64fd30905a3e61d58898009a3d70d9b01b8
RELEASE_VALIDATION_v0_9_0.md	994	7e2c9a425db5c689bad2893c10d4c380cfec99c2a8ce5c9c39ab6280e8db4583
RELEASE_VALIDATION_v0_9_1.md	1800	ee6aa83dba0bdb2dec6892eec435e5ef1febc23f910fc53343f54b8f5c7c7dc0
REPOSITORY_FILE_GUIDE.md	26001	a87beb5adf53a34ab8f27f3582038071fc8219daa53e36685136592db05b00cb
START_HERE_v0_9_0.txt	3663	81051219a9bf1ae0fe67cc722e5ad558a646fedda856110394a5ef059ec6ffd6
START_HERE_v0_9_1.txt	3459	5da9c097c5c340a7b9e3274161e375f737c983417fcc9e5395fa76f1ef90a365
docs/E3_PROJECT_OPERATOR_GUIDE_v0_8_0.pdf	51217	bf3f14ec844e8cb7633fc650bdd74c82be6ca97aff525d7684e7bf07f36d7f78
docs/E3_PROJECT_OPERATOR_GUIDE_v0_9_0.pdf	54541	067e757bf3da73e6d516f35197a791f1cdab3002c2b8482d9cd02289e61d7405
docs/handovers/PT_E3_6_VERY_VERBOSE_HANDOVER_20260727.txt	60714	029500fde941b44ac5bd83385856d00ba8c066cc318504129d3d38e112e89286
docs_site/assets/stylesheets/extra.css	259	a134ce3e15559af44d80ee9a55aea7e47067ea3e03c09e834cd0d7dabec59568
docs_site/configuration.md	4004	d8eddb809474ec5568985407bcabeba65f1c5e4c960e6d3e9e222b6d47596fce
docs_site/development.md	1819	4b5ee71a7acd4faa7394de8fabe69337edfd61bf3be8aeae4f98303232cfeec5
docs_site/fresh-run.md	3029	d6842356e9beb485211da228e1e03426e52d0036baee6b45516d11d2fe59df7c
docs_site/github-pages.md	1778	54281838da3a2817a55229e232e63b1b2a220168651cb545221272f0cb05d4f7
docs_site/index.md	1630	e16e39a9125a3fac2a997599d095703083bf918f82d13be22e604620a248c675
docs_site/local.md	1227	f776c1ec7f1e955a8b25c7ecd89f6b1dfa19c84af66785f9f8de69e88332fce6
docs_site/new-dataset.md	3110	f6e7200a3faf01e6bc79a774a1ab2cb2624acb1be01ce3066d394e36df55a923
docs_site/outputs.md	2135	5949cddbedbf8792b4c2329a4d227b16e9186f3666c3de62a85b6479870dd55a
docs_site/packages.md	3727	eb1afa502be40145cb78c10d639ed51171f9186c5d067593c73b2fd7abc88f7f
docs_site/parameter-sweeps.md	3526	e25ea270839cd49fc0185892c450a744e855fba302dcf9c95b2cc036ecece270
docs_site/quick-start.md	1950	0a74af593fe568472d86ec8aee8eec16cd4297f40a88aa6be3245612e9a2796c
docs_site/slurm.md	2496	f118bdae83a2e5857dc78965aec5405fb7d40896d1c11308711d1bed1d675db0
docs_site/troubleshooting.md	3600	d3fc34c177b379bc24a254c15046754cb5725aa92025ba0fc16d7a6479c50877
docs_site/workflow-stages.md	2816	d5ceefe71b8fb83752fb86b0c14b63b4e75b59860ecc062b85ec3c4072e5db16
e3_discovery_engine/.gitignore	199	0a7dcfe2e5581e7f7a261eac26aaa360a0429370fb26cf16cd1678c4ab08b0fa
e3_discovery_engine/.gitignore:	12	57aee7c6c3d5fceead1adf7650ea692c33d7a5d0a7acec5b4104e669df46ce59
e3_discovery_engine/CHANGELOG.md	12438	32327963b3a7b8f72406fe083697758651a57f4ddf123e8af0fd7ada2a92b694
e3_discovery_engine/PACKAGE_MANIFEST.tsv	10657	e66d24bd27c3510ba0458b095685e1f60f2d5ade3e1dd2e6094ca606458a904c
e3_discovery_engine/README.md	15634	d3372145fd762e29d38bfdc426bf213a683a62175ea70b167f7440fb8823e6d9
e3_discovery_engine/Snakefile	12199	3cc6b3675deb0edbfa4462975530dfbd477cda5baac0040888746a3e759aa9a7
e3_discovery_engine/TEST_RESULTS.txt	2435	233c9435ae9acdbfe2d98a0d19e08a98b8bb8b28a11a991f26c3a0f50273cf32
e3_discovery_engine/config/config.cluster.full_onekp.example.yaml	1437	b0ba478f89d730c9c46791161974dc4c5a9d7f5d3e4f1ab5c2a71e7521feba91
e3_discovery_engine/config/config.example.legacy_reproduction.yaml	1322	1b9432ce29d39594a3ac73171fed517f12945464b32270291ef7d644a59d5682
e3_discovery_engine/config/config.example.production.yaml	1137	ef11f48f2db3329db2d34d4b26051dda0409dc56145522f68ff907dd33bd607a
e3_discovery_engine/config/config.five_proteome_nomask.local.yaml	1258	6924783e0aaf39856a0df48edf86558bdcdd6f254818c101799dc27edba03af8
e3_discovery_engine/config/config.five_proteome_run.local.yaml	1284	5691f940341e3c86e376992a93ddd03159fb06d8d6c5dde7b088b446e00397ee
e3_discovery_engine/config/config.five_proteome_tantan.local.yaml	1219	affe91aa4db30aabb3fa6eaf9c5311416159e78d81005fbb7c0647bd16e8d77d
e3_discovery_engine/config/config.yaml	1182	6fb5ef2315524dadfd0e824f73a2dad5a7ba2bac1183a29c2676c0e5dcfb0811
e3_discovery_engine/config/five_proteome_samples.local.tsv	1427	b7e4bd73039b2290afca19af16263fa1bd05a082b7f61e045503b0985ffdc3a8
e3_discovery_engine/config/full_onekp_cluster.example.samples.tsv	4834	7e62da61fa030a0fa783dec8dab04f8095608c7c87e1c91c0b10db2bf58b2192
e3_discovery_engine/config/generated_runs/20260714_171829/benchmark_10_proteomes.config.local.yaml	1481	9a077886e2f30d7e55b955743c08872cc68566782a491b5c7f1d651b53f9e972
e3_discovery_engine/config/generated_runs/20260714_171829/benchmark_10_proteomes.samples.local.tsv	2591	497015f1ba6188f1767c960c03e287694cac148822339ea16ee5066f9eb577ba
e3_discovery_engine/config/generated_runs/20260714_171829/benchmark_20_proteomes.config.local.yaml	1481	47e1f6f796cc05f85135cc082808777ea32b26345f6c74ca467c15f4bdf2c93e
e3_discovery_engine/config/generated_runs/20260714_171829/benchmark_20_proteomes.samples.local.tsv	5247	bc3223ad89a6a2eb7f17aaf5bf619bd024748618cf6605571d2170e666efde67
e3_discovery_engine/config/generated_runs/20260714_171829/benchmark_40_proteomes.config.local.yaml	1481	4585f6bff28d28255f1753e5f2052418c6f1068e467d58a7191d2d12a2b3ebda
e3_discovery_engine/config/generated_runs/20260714_171829/benchmark_40_proteomes.samples.local.tsv	10349	b744b7954bac516d9541da7d96383bbe14b6dbf778b12c6b5b8f3e44dc708224
e3_discovery_engine/config/generated_runs/20260714_171829/benchmark_60_proteomes.config.local.yaml	1481	d43ab908ccae3f12236714794e33a0bc19745c61bf4c50e69f83b793e987d405
e3_discovery_engine/config/generated_runs/20260714_171829/benchmark_60_proteomes.samples.local.tsv	15895	16d96c2e7f7aee269aa5e989c90a350d0b9250019412f4618d8e5450b77f5b47
e3_discovery_engine/config/samples.production.example.tsv	309	18e4e6e05f6e8ce4f584b35e8ace53190e6b0bd768a40be77d44f4655acf96ef
e3_discovery_engine/config/samples.tsv	252	37f671654c7195bfabd1e00eb287e4544edd29857a110ca1852b50cfb0092bec
e3_discovery_engine/dist/e3_discovery_engine_m1-0.1.0-py3-none-any.whl	35551	6b211a05fc8ed712969a2ea979eec4352b5bb1ba4ae4c0cfec2528df57583b23
e3_discovery_engine/docs/BENCHMARK_PROTOCOL.md	4604	3f287130bacf9bfb5fda25548285b6990afb5ee6aee6cbebb699dacc673f6de5
e3_discovery_engine/docs/CODE_DOCUMENTATION_STANDARD.md	2214	56e9cecd8bedc00ca075ee78bb5d3519c1a8375166d3195a37a5933c03e809de
e3_discovery_engine/docs/DATA_DICTIONARY.md	9337	cbd9154c2f96eb3562937520bdea9df61b6a8c727a0b83b0d37c18238dd86e64
e3_discovery_engine/docs/DATA_SOURCES.md	2654	303dbfc40dc88bc297079f2b7b47682fcbe1cbe919b788c82840232700e29bcb
e3_discovery_engine/docs/EXAMPLE_QUERIES.sql	1275	9b1063e4a7a5982d2855a388859ead6714a98c96e64d5d1444f8c7ea799584ad
e3_discovery_engine/docs/LEGACY_AUDIT_EVIDENCE_REGISTER.md	2325	be9d6142b7fc9741d0df593ec860cd1e91acd02d873f3308d32fe7a64e7f0d0d
e3_discovery_engine/docs/LEGACY_METHOD_LIMITATIONS.md	7292	bbaede7d4ee574119e63f759fd0281ca3a802243eb0d3f3e40527594f2c14337
e3_discovery_engine/docs/METHODS.md	11034	8d34ed51e431da7a7bb5c97968acc0ddb12063838715d9c33a3752784e1f5ff9
e3_discovery_engine/docs/OPERATIONS_RUNBOOK.md	7485	33101678c1a18fcc10cbc6d5024528d9bd3434f5a6a189d45a0b8fbfa1a326a7
e3_discovery_engine/docs/PACKAGE_FILE_REGISTER.md	6410	b16fdb85573c742cb1bb45350b09d05484c9fc39b4a11ea496ab50a6f4459ea9
e3_discovery_engine/docs/RELEASE_CHECKLIST.md	4459	6aac8e2fea7bb639908dd073675f2d7b09d046e7f8ed315bf047d499eeee30bc
e3_discovery_engine/docs/RESOURCE_MONITORING.md	2649	11c6323c4dae6dedf862b997639e898fd0f165dfd6febb1c0716c402283dca9d
e3_discovery_engine/docs/SCIENTIFIC_INTERPRETATION.md	4439	e92fbb5291482c24c69e3a4c2618ba097603a96660cbdc246d6b85179d9062f5
e3_discovery_engine/docs/SLURM_FULL_ONEKP_RUNBOOK.md	7878	de2f81f7bf147ca8d7320b01d332bc97ecb5dbc4be819318f02665c4fe5d7047
e3_discovery_engine/docs/TESTING.md	3211	44bf7b27c2ba99c6d510c457644e34a93a0c869ee0db0891004116fd5d4a3941
e3_discovery_engine/legacy_reference/README.md	287	4faee63d1eee242560531831fef12d86a5a2d7e2ca50a56e9efa4377bd76f8e9
e3_discovery_engine/legacy_reference/Snakefile.inherited	4142	b5b89be0ca40ec3a266c22f5d1b13a2cfbfbf38b8af7313760b654b0092de98d
e3_discovery_engine/legacy_reference/config.inherited.json	1065	75047de45e4ecd8fcc3e7d7f8cef999b6d4bd879af05714c46f859578be37dda
e3_discovery_engine/legacy_reference/convert_seqs_to_parquet.py	959	2e3bfc8eed499277c58adaab463276e6a7562e7fbdfca840bd61670f01d738f8
e3_discovery_engine/legacy_reference/create_duckdb.py	1164	62577d3bedd5b6a019253d4527ce79d5b123cfcff2d876c630d386a525f9c3ba
e3_discovery_engine/legacy_reference/generate_config_file.py	810	274e111d1e8a5710b7a261d58401388127fd4b5a52711034b15909e379eabae3
e3_discovery_engine/legacy_reference/retrieve_clusters.py	2062	13719cee9c138a1d81fa348300822357ce81b529427800b72d8cc0982f731a05
e3_discovery_engine/legacy_reference/samples.inherited.json	335	1e25e603c4a0e6080c361b64ac6f0a88d179200f11c75fe97d2f7cefa977b402
e3_discovery_engine/pyproject.toml	729	a4e5efd255cb8f324f0de9dcea3b63750b78ff08b9e3d7cc5dba790b82d13490
e3_discovery_engine/requirements-dev.txt	56	e7356f7178f9f07553127829a518e926d19c6a97f32fbb0cf6cc53d7af5a1be0
e3_discovery_engine/requirements.txt	78	ca3ed5cb37a6301309c0ea2070eda5bb2488250542a4897f2c3b24b259206336
e3_discovery_engine/run_e3_discovery_engine_full_onekp_cluster.sh	11776	6a2632ad36277f536a64fb881dadf19032b5f5f3a533dd771ec77ad3d4a7a315
e3_discovery_engine/run_tests.sh	393	3e63b927893b88073899c85b539a61482d37f8039e6b38dd77e3df8ba88b32c3
e3_discovery_engine/run_workflow.sh	863	524f84dbc9db3306e106a8aba53f0d2cd2832a63b99c474c6ac469a134f15cf5
e3_discovery_engine/scripts/check_full_onekp_slurm.sh	3145	522b1cbd9550052e0cf51df38c30ecb32b3ef17366c6d9f9598412def7725723
e3_discovery_engine/scripts/run_e3_scaling_and_full.sh	20951	90365352dfbab93481319c1ed09e18876afd51c3adcb19848656998cb8972930
e3_discovery_engine/scripts/run_five_proteome_masking_comparison.sh	20940	1818216a8bb46f5d43b42a4a46db2fc5c88717bb3bcd0b2b5976407d7faed7f1
e3_discovery_engine/scripts/run_release_checks.sh	993	4f62985adde32a0f36d44c0aa3f2e909a7d1ae8a45f178b44bba8488589ede4e
e3_discovery_engine/scripts/slurm_full_onekp_job.sh	11470	b925114e8994c7e3d463e70c8a3f6deb6bcc7908854be753e62d16bcf57db498
e3_discovery_engine/scripts/submit_full_onekp_slurm.sh	7432	5e7e1c565a977b47347a0e0e47c53ebdcb3fc742a4998bb9e61fcba4b5582cd6
e3_discovery_engine/src/e3_discovery/__init__.py	273	c0da9d8bd45eedeef632b65047c367bdd9913c51cc830c0b9e2a14a944220997
e3_discovery_engine/src/e3_discovery/benchmarks.py	11588	00ee9f0dfe788d539e1aa3569621492abd4909beb368cf2140b5a51f31f8ffa7
e3_discovery_engine/src/e3_discovery/cli.py	15814	52887df4bae183fbbba52377c25cb44d11ba52e8d7cfbe426ef3515cf7b49477
e3_discovery_engine/src/e3_discovery/cluster_config.py	16843	f95023936f7e2d1f1805296fb8ce4e845801ef1693252c91d92f7572566a73bb
e3_discovery_engine/src/e3_discovery/clusters.py	22848	d850f200fcd09cd373bf9cb4810b68e4c9fe75e0a39b9c45112f85d060e59dbc
e3_discovery_engine/src/e3_discovery/config.py	9598	a4e7255287ce547a6fe989bdc4f5f7624da9dae89a9ce42d8e97923b0cc54b20
e3_discovery_engine/src/e3_discovery/constants.py	1142	7515d6f385f8d3a5ef5619c4a4edbb7ca25c9bd13b23ca67b6cf040ca69158bb
e3_discovery_engine/src/e3_discovery/diamond.py	17094	2b936ed1d285d9ee431d23e0e33c1cbf219a94546d7a79b59809d01dfa657f18
e3_discovery_engine/src/e3_discovery/exceptions.py	571	cad0ac2b754c5c8e3e057ebb1f1b20a79c79292ef4c9167964e9571189e7a8ce
e3_discovery_engine/src/e3_discovery/fasta.py	32556	30ee1418cee49bc91512c1959d15acbda6433ff69b320a733b4692a92f9ef16f
e3_discovery_engine/src/e3_discovery/io_utils.py	9440	c24dbc35f435706e32b9662a9189fc8396aa494e6d6575473ad3ed6b809d7c7d
e3_discovery_engine/src/e3_discovery/logging_utils.py	2264	fb65406920fd6729e0604e419125c52ab7591a0ac21b1114052e0af2275acd20
e3_discovery_engine/src/e3_discovery/manifest.py	7317	8aa4cc8259363a8c6d73e678c3180805e45d408282de09310a7f2efcce7b63d0
e3_discovery_engine/src/e3_discovery/path_safety.py	8864	5585e1be109700ed50c4caa70021d90113d05f6dec0fce0ee0698b0f80dea0a2
e3_discovery_engine/src/e3_discovery/pipeline.py	8381	e66c6fe4a6677f797b7a08f8792952ceee4ecbfce6c4cf70517d67a7279045b5
e3_discovery_engine/src/e3_discovery/provenance.py	7670	65507215010f0809420e099a95e4ede709c2b9a4f8b1c96a1e16d222242394a7
e3_discovery_engine/src/e3_discovery/resource.py	39564	81f63adb86d1e04c0100916a01a315280a40d248a296355611d8c543f24f88f2
e3_discovery_engine/src/e3_discovery/resource_monitor.py	20719	f491073ce28f40eb790cdda683a56fa58b74ff752298e54d417f14edb833ec00
e3_discovery_engine/src/e3_discovery/seeds.py	6425	4e474e960c303abcbb6e271a5781d06b9a81ae839d4e53d3da3e4d32e67de060
e3_discovery_engine/src/e3_discovery/sequence_metadata.py	6019	f79003fdc5648935ea6d41b38331245c3ca418d8f1ca187a23be447a612c06fa
e3_discovery_engine/test_outputs/diamond_e2e/clusters.parquet	3781	e718995e00b1992f863b8dca479c33c6f7ce2d0562d5a2cba09f4e1faed0920a
e3_discovery_engine/test_outputs/diamond_e2e/clusters.tsv	248	55a5fc0fdd13fdd415351a4da2917fc6b80c94d3dd0740e9d0234e2180f1922e
e3_discovery_engine/test_outputs/diamond_e2e/combined.dmnd	835	d34581934f1393dd2d819fdfd817e72c11cdbebd21bc8848ae12ba8ec1f15f84
e3_discovery_engine/test_outputs/diamond_e2e/combined.fasta	661	44c9eef97b5ffd8cd683185d34567e24cc989d024cfa3da220beefbf4f998f14
e3_discovery_engine/test_outputs/diamond_e2e/curated/e3_seeded_cluster_members.parquet	3630	79af902a6aae00f86558a5468bbc0b029370a336c8babee92b5085098f38f27e
e3_discovery_engine/test_outputs/diamond_e2e/curated/e3_seeded_cluster_summary.parquet	2411	76dd078dd7988d03cc832c40f0650ff61fa57b906de14c11b33f84d2269a0e49
e3_discovery_engine/test_outputs/diamond_e2e/curated/e3_seeded_clusters.parquet	810	b87db82bc1a49ccbca78e505a1323f58fbba1c45d32f7c9ada2e5855b197a815
e3_discovery_engine/test_outputs/diamond_e2e/curated/known_e3_seeds.parquet	1758	e5ad64e0945901389b17a009eac0aa4e2ebc99bb4b02e21fe37b8d742e384a58
e3_discovery_engine/test_outputs/diamond_e2e/curated/raw_cluster_sequences.parquet	679	d6f4d447e4f967dff8551582bb25f87f87006ef290ff554ef930ef2d093f0537
e3_discovery_engine/test_outputs/diamond_e2e/curated/raw_deepclust_membership.parquet	837	452b3160bb63a1dae743de6b74724febfe3d9a91acf8259e1ffe9057ac40d36e
e3_discovery_engine/test_outputs/diamond_e2e/curated/realigned_membership.parquet	3494	c104f23eb7986ce3759d9bd74307112de0599f4a34ef7558f69ced87d2361e3e
e3_discovery_engine/test_outputs/diamond_e2e/curated/sequence_records.parquet	3861	2c19aeb12d34fa7611c28bad3354cddaf96d7c97f8baef415db78374c06eee94
e3_discovery_engine/test_outputs/diamond_e2e/curated/sequence_seed_matches.parquet	1008	f31f20b4d4c6c26be2b5ca5a8a4c198da5df8ce2320baa774a77282943725a1d
e3_discovery_engine/test_outputs/diamond_e2e/curated/strict_e3_seeded_cluster_members.parquet	3630	79af902a6aae00f86558a5468bbc0b029370a336c8babee92b5085098f38f27e
e3_discovery_engine/test_outputs/diamond_e2e/curated/threshold_pass_membership.parquet	3494	c104f23eb7986ce3759d9bd74307112de0599f4a34ef7558f69ced87d2361e3e
e3_discovery_engine/test_outputs/diamond_e2e/curated/workflow_thresholds.parquet	536	2caeb8eec8a99a5d0f548ab4d1480ecf0c85a0dbf1b2f888be4ac3b7ae9bd734
e3_discovery_engine/test_outputs/diamond_e2e/deepclust.command.json	669	eb9cef971323e862be13cf03c3d3f72f2a8f8ac02ff0853957140669f42e721c
e3_discovery_engine/test_outputs/diamond_e2e/deepclust.log	144938	93f174d39890e9348b58f8b7910e3cc7ec878916bb3688073ce5eed6f6b8abc7
e3_discovery_engine/test_outputs/diamond_e2e/fastas/e3_seeded_all_members.fasta	237	cf5fb6e54e8e868ffc31819e5efb7bacd2178ef92966c6b1ec7dfae5626108c7
e3_discovery_engine/test_outputs/diamond_e2e/fastas/e3_seeded_representatives.fasta	118	4dbc64cb283ffcdc4fddd221d5c04f1d2528aca33c295ca09310bd2d9a402627
e3_discovery_engine/test_outputs/diamond_e2e/fastas/e3_seeded_strict_members.fasta	237	cf5fb6e54e8e868ffc31819e5efb7bacd2178ef92966c6b1ec7dfae5626108c7
e3_discovery_engine/test_outputs/diamond_e2e/makedb.command.json	475	db6c376ef3f9f16674ec75b8221983e5e4017e34515dcc7405aba70c1b69c732
e3_discovery_engine/test_outputs/diamond_e2e/makedb.log	897	ae36f82704884aac5e291a9acfe1c34c09184761e8afea6073a2ee224fb3945a
e3_discovery_engine/test_outputs/diamond_e2e/realign.command.json	923	078416f27f0477e9dc57befb946cdc193ad7a50b3c9608086448b52bd871fc7f
e3_discovery_engine/test_outputs/diamond_e2e/realign.log	733	fd9dbc991e8110a467817dcbec5cc5c63675b6a37f4cc2100a8c50675f1e6d1f
e3_discovery_engine/test_outputs/diamond_e2e/realignments.parquet	19617	5b698d63bc1868bcc02902ebd1b456c9a58277cb7150c26409931836a9eaed10
e3_discovery_engine/test_outputs/diamond_e2e/realignments.tsv	455	33a8661e6c0a309c51916284fed037ad21eabf55fd1c03d243d40a87de4913ac
e3_discovery_engine/test_outputs/diamond_e2e/resource.duckdb	3944448	a88896bd49e5f94f971ac92946002b51deffc8e427d02c11944485b8efd0113b
e3_discovery_engine/test_outputs/diamond_e2e/sample_summary.tsv	462	4275e814309b637ff32628c55a4ac7e0029845fd64a5477476d6504debeb4cf2
e3_discovery_engine/test_outputs/diamond_e2e/seeds.parquet	2734	58fb525d091ff4805d2e8d92f1272ac0e4d64588492e454bc9d5840128258c02
e3_discovery_engine/test_outputs/diamond_e2e/seeds.tsv	298	cce04ef8333a0f386bf78f1c1810687d315cffe656b366f542b300c908a571cf
e3_discovery_engine/test_outputs/diamond_e2e/sequences.parquet	18129	4f6668801fc171b6fea911ca40a244e9ea48175d6984404e23948bb5b002caea
e3_discovery_engine/test_outputs/diamond_e2e/validation.tsv	408	23a71a9b7ff4b02ba6b56f979242d6a38bd3df35879a9dfcca34a16adb7af4d8
e3_discovery_engine/tests/FUNCTION_TEST_MATRIX.tsv	14753	c31749d5dbd0473009d49bf26d91b0f6f3890176efdcf9cd7882a202059f5113
e3_discovery_engine/tests/__init__.py	0	e3b0c44298fc1c149afbf4c8996fb92427ae41e4649b934ca495991b7852b855
e3_discovery_engine/tests/end_to_end/__init__.py	0	e3b0c44298fc1c149afbf4c8996fb92427ae41e4649b934ca495991b7852b855
e3_discovery_engine/tests/end_to_end/test_end_to_end_synthetic.py	3460	a4a683293a8ca43a6e6d5396dd1ace221d54b4bc50686fa3dd7c7e285d1f9200
e3_discovery_engine/tests/end_to_end/test_external_diamond_pipeline.py	6155	c9936a73b95782aeb07e18c7dcb5b5a03f36511ae4ff47d115eaddd3b395b7b9
e3_discovery_engine/tests/end_to_end/test_external_diamond_smoke.py	501	a37fc65c1ebb651da613c26f2c0728fa92a9b0785e0fd5a698627376d3827c98
e3_discovery_engine/tests/fixtures/e3_seeds.csv	71	c1fb5af5631f59e77219eb9be8484ee16539143b67c426b71376e84d2cfd98a6
e3_discovery_engine/tests/fixtures/raw_clusters.tsv	254	10411c149babfecf8a5d4b0f6322f2933a411db5798c7c5e28aa1a493dbc8ae2
e3_discovery_engine/tests/fixtures/realignments.tsv	430	4a99d07e0ebf4c2439fba8271e802c658e0d5690dc300f2067dafb3b12b4713a
e3_discovery_engine/tests/fixtures/realignments_diamond_2_2_3.tsv	430	e3253cba794c3f5ef3fbf640ca9c8a72c65400eac0dfb0a45af48b280058f513
e3_discovery_engine/tests/fixtures/species_a.fasta	240	4e82bf0894f94f07f6b462eaba7e345bdca36202ee854100e31d778ab10112e0
e3_discovery_engine/tests/fixtures/species_b.fasta	251	1bef4f05bacb64442971b3d12b21c61d427f64031e03df713e01d3376191155d
e3_discovery_engine/tests/integration/__init__.py	0	e3b0c44298fc1c149afbf4c8996fb92427ae41e4649b934ca495991b7852b855
e3_discovery_engine/tests/integration/test_resource_build.py	9560	fdd067409145a5a2dca2d1194a778a0cede933dff3d3e405ebe7ced3e209d82d
e3_discovery_engine/tests/unit/__init__.py	0	e3b0c44298fc1c149afbf4c8996fb92427ae41e4649b934ca495991b7852b855
e3_discovery_engine/tests/unit/test_benchmarks.py	4267	efde49dbcd5ee5ea1da9081f361791f6784013dbd17a872bd3d1b6e82cead303
e3_discovery_engine/tests/unit/test_cli.py	14285	924818848ea21855dfed5ed1e8588d9f5b3bf9b3985de0662b7fe9ce4a128409
e3_discovery_engine/tests/unit/test_cluster_config.py	11033	f150066e5402b80e30e9341c6fca2f6f5cbfe5022d7379636d9a4cec885cf316
e3_discovery_engine/tests/unit/test_clusters.py	9936	34c3f6bc4caa3151387be73330f181a7c7364a3496842ae3b8c9e1934e9fcf85
e3_discovery_engine/tests/unit/test_config.py	5828	3b9f223620326daaebf0aa7b5e77ed507df45dcfb22449d94c8a3a4cae2906e3
e3_discovery_engine/tests/unit/test_diamond.py	8636	b9d31b129b22bbde81a016ac723d61975df2e0f118b393b6cfc19cea49659637
e3_discovery_engine/tests/unit/test_docstring_quality.py	6626	280025e8d098ab64801c630d7561562489e498ab1e0afeacf07bf248a6920efc
e3_discovery_engine/tests/unit/test_edge_cases.py	14485	f3f696a6ddc9343cffd9d718537cb9498abee647f02b8fa6779855ffe6245d58
e3_discovery_engine/tests/unit/test_fasta.py	10703	2610e8b7fe4f8e69e94f5ec850cbef6d35a1b27dcfb155e79f2837ccca6c3941
e3_discovery_engine/tests/unit/test_function_matrix.py	1586	ff9c47ff4dee0ca133bbfd82118066ffe8ed766ec295758cf9ef4daaf43df7ce
e3_discovery_engine/tests/unit/test_io_utils.py	4917	ebf8ff9cadebd57ab24a14399e7833ff2a71ecb82059c538cce6c0e075a4b5fc
e3_discovery_engine/tests/unit/test_logging_utils.py	1106	6bfd71f1ee33c8c561f9c141f1e523b2dae6170ac806d51aa21adddb389bf680
e3_discovery_engine/tests/unit/test_manifest.py	2776	5c5a4da40cef6060cb5bd71d29c01f9a79aadfbf5d23df3c7d79b9bcc2901cab
e3_discovery_engine/tests/unit/test_path_safety.py	6908	5e538d9868aa1c3211810ebc6ba5a900ddfd86d01428b76884d64f9a8c144d27
e3_discovery_engine/tests/unit/test_pipeline.py	979	7c94fbf8256eb2d20e12792118c360f93a73623211bb43cdc9d8402b6892309d
e3_discovery_engine/tests/unit/test_provenance.py	2106	1d59e43ca6b6f59fa5877fb692186e588a6be2c6423a41c7b7cf675891ea05cb
e3_discovery_engine/tests/unit/test_repository_contract.py	3005	52334175db06f1d537784a03c90ba93a32b48a4c73428954521d7756490fe69c
e3_discovery_engine/tests/unit/test_resource.py	3841	56801546672cd07a06acdacba940342b2540feacf84a587aa1a7666effec69ee
e3_discovery_engine/tests/unit/test_resource_monitor.py	8490	57f42866ac7ac66795146bb8e369a9fc0615518e6a8f89f62ee30ce15e217f68
e3_discovery_engine/tests/unit/test_seeds.py	2332	23f80727c994cfed697c1a25372b0b986ff9bcf6a4b2791c29ee25247a1903f9
e3_discovery_engine/tests/unit/test_sequence_metadata.py	5052	b39284d15b95bfd0595c844484b9a0d851cd22fec40a89f0d0e5bf7d5ba025c4
e3_discovery_engine/tests/unit/test_slurm_scripts.py	3756	884f139bd8403f52dddda1b5346b9db48219f93f690bf2574e34f70dca5adc66
e3_discovery_engine/tests/unit/test_snakefile_contract.py	2674	c890218976e04713e2b78826622a873135e8529fbaa61097c7ec97a277e49216
e3_discovery_engine/workflow/envs/legacy_diamond_2_1_23.yml	322	4290a7c453fc41546474669c1889ef6f51e9d86729b1aa34fef2e90a82f88d75
e3_discovery_engine/workflow/envs/production.yml	314	3b425ca48ef21bd918e1303ddb774ca71c5deff265f539922f9c9f31c069c98a
e3_end_to_end_workflow/.gitignore	97	34df6ce25c97d37c89bc3dfdcf8d9fb64e81714228cdcecfbcfe43b0fb66056d
e3_end_to_end_workflow/README.md	23607	c6dce6f6f21c1f0ec4583994243111a994947bd7fded1410adcb21d16f0a663a
e3_end_to_end_workflow/RELEASE_NOTES_v0_2_0.md	1116	c12a9d64af6068eb6161a125261dbbc3d3eeb221394717ffc1cee069b8888524
e3_end_to_end_workflow/RELEASE_NOTES_v0_3_0.md	1211	e99dd2eeba31dc3ce439a5d30fdcf9732ad8738075e25c4ad5b5d74e55e79993
e3_end_to_end_workflow/RELEASE_NOTES_v0_4_0.md	1949	92420b00c692cda366df5f0d91169b77e4d5565c25fc99264a3efef0e3c4bae5
e3_end_to_end_workflow/RELEASE_NOTES_v0_4_1.md	919	f52be7e0ec11b31bf3f10435de10e2581a5c9fc3075336156c6323830e5737a3
e3_end_to_end_workflow/RELEASE_NOTES_v0_5_0.md	2332	7210ae0897d6240a9b91b67a87f2369b387f0fb4b844397d6d238f12768bf3ea
e3_end_to_end_workflow/RELEASE_NOTES_v0_5_1.md	1635	ae0542f126009960ddc5687c11367e34875aaae6aef0a2faeb5da05730ec5873
e3_end_to_end_workflow/RELEASE_NOTES_v0_6_0.md	2697	1e76b1be6ee08cc21805d03ecb6cfce27466a11d10291e4dc2f9a86bdae2c128
e3_end_to_end_workflow/RELEASE_NOTES_v0_7_0.md	2324	e6707b93426162f1553b0925bb5c20e131475be96055ae3fe6ba785c61b0f7d2
e3_end_to_end_workflow/RELEASE_NOTES_v0_7_1.md	1259	58d20e61c4150b3250bfcf44d8f18c102f2f5b9451f4d4c5024d45e25277cbf6
e3_end_to_end_workflow/RELEASE_NOTES_v0_7_2.md	638	0e0b2d024556bcead50e7d507121da04c16366d873fe908f00f900a31cc81d11
e3_end_to_end_workflow/RELEASE_NOTES_v0_7_3.md	1247	f4a8ddc4de78c8266d99fd3f7b5e88483258af26d93ce0ab94b3a9bc38389c7d
e3_end_to_end_workflow/RELEASE_NOTES_v0_7_4.md	1259	70e0e1290587f5812572206cf033a50ab6d963858d646124e4c8038713714423
e3_end_to_end_workflow/RELEASE_NOTES_v0_7_5.md	1438	d2d5fcc63c2bdb727e5c9093e52f2b67619a78c2a96076e14589f8209149b0ee
e3_end_to_end_workflow/RELEASE_NOTES_v0_7_6.md	1495	ba10c756b60131e689c59a12c3ca3efb67e80eb3c66693acd87c4a3015553d42
e3_end_to_end_workflow/RELEASE_NOTES_v0_8_0.md	2787	36cfb43d94768346e591c563c7353350850fb3e05a75d0c74857095265756993
e3_end_to_end_workflow/RELEASE_NOTES_v0_9_0.md	1951	b3fa93e9457f8d150be5b8b84293126fa0520a0fa8ed446b9f2f7cfcf3fce225
e3_end_to_end_workflow/RELEASE_NOTES_v0_9_1.md	2976	5b0a78adb7a0c4aeb9c98cb1616760edef139d0a4f7654d9b67351f75b54302b
e3_end_to_end_workflow/TEST_RESULTS_v0_3_0.txt	1116	3d47acfa2968602a0be33cf5bcfcdfa8b6849effa7f735b3c2d636c0ea533303
e3_end_to_end_workflow/TEST_RESULTS_v0_4_0.txt	1963	637cd1de18ebf7051735442fd29d5ea490b17685886c0303d724b3e21e81ec82
e3_end_to_end_workflow/config/five_proteome_orthofinder.cluster.yaml	3228	1c08d3aeb2a37bac46be23df8d3aeac9b039488662af26844fabedb78977d91d
e3_end_to_end_workflow/config/grant_aligned_reuse.cluster.template.yaml	12133	05ce73095e2f4ef9c485bd7a0200d58d5a12425f999abc9fa3d8b864b640e9f2
e3_end_to_end_workflow/config/grant_aligned_reuse.cluster.yaml	7987	858781d9f67c769c93ff11a60464ac85ba6755a3f33442b901906c5a2ad0c8cb
e3_end_to_end_workflow/config/known_e3_seed_evidence.template.tsv	330	8f9756974e97ef633d8930a5a2e51413c403ec364b4b94fe3b67bbecc1fa85ca
e3_end_to_end_workflow/config/parameter_sweep.template.yaml	446	17ef270ba71d3a793b8ef5f973715553df2331e14358fb5af327e203cca21556
e3_end_to_end_workflow/config/production.cluster.template.yaml	12409	392eb239c7a889d45bdb65fb901635716dfb529dd435159dba1f1f141f296e9e
e3_end_to_end_workflow/config/proteomes.template.tsv	161	8756ebd34958dcbb3b33d87aa370f74046a6f934f8fba085238d255570376c99
e3_end_to_end_workflow/config/shortlist.template.tsv	129	5f2c7309da378c1af3c06dfa27484b35e164fd4c7369dd1ea517461b4ad16eee
e3_end_to_end_workflow/config/synthetic.yaml	1742	692540fe57d65a2f39ab28266174c403357f983adcf6224fd0d267b41634ab98
e3_end_to_end_workflow/config/synthetic_proteomes.tsv	329	673003d451d31947f451c6ce46d30a8ebbe5218a9429816593a8e7e456f5ac98
e3_end_to_end_workflow/config/synthetic_seeds.tsv	471	c1f977791ffa2c8c9081f15e55f542f1bf2eed79a13be4beb94e1a59a790ba04
e3_end_to_end_workflow/config/synthetic_shortlist.tsv	221	ea4b802292be8ee062f5b3d291ffb3aa85363aee3965920d6b0902784ddada97
e3_end_to_end_workflow/data/README.md	1185	e1130491a8ab352f29ad62d451f62c72ae69de65c20d7de65dcff88296a687b6
e3_end_to_end_workflow/data/e3_domain_catalogue.tsv	1998	80a409552b8f4883b863fea9826367240d3ff12290f62a022ae31bf078fecac9
e3_end_to_end_workflow/data/known_e3_seed_evidence.provenance.tsv	383	28b26a41cd9cf14a28bbc93d6f1844497ec920fd827d03604b292f3bb25a5f78
e3_end_to_end_workflow/data/known_e3_seed_evidence.tsv.gz	1508560	9e5ba99e751651be37e9abbaee445ef931e414c0c0ea3f70d7553eeecebcf8f7
e3_end_to_end_workflow/data/known_e3_seeds.provenance.tsv	326	9da4d0e73ce687a60adc8cff16125e5528627cd4596dd222c9ddce2af1e0f08d
e3_end_to_end_workflow/data/known_e3_seeds.tsv.gz	144694	24cfffdbedf5a3434ed4f668ce32d0cf8246ca77005cdf75e437d75e761f60c1
e3_end_to_end_workflow/docs/ARCHITECTURE.md	8667	35502e79218e77e8d6a2677dcc1c3b9491d469d885ea2e7b5abb5941a1c017aa
e3_end_to_end_workflow/docs/BENCHMARKING.md	5307	c4c94564cd75cd836d7b1ff844e602c252505f616f05d8908c68ba840f08df6a
e3_end_to_end_workflow/docs/EVIDENCE_MODES_AND_SCALING.md	3884	e8fd56e89da8ec71b5bc4207ddbb025ef06032413e77ef369d91d8bad0c08636
e3_end_to_end_workflow/docs/REPORTING.md	5969	8ace7f526523826218a1386501a9cd7fa775d9033dfb6c72b188b6e762d1cd47
e3_end_to_end_workflow/docs/TEST_TRACEABILITY.tsv	3364	067ef6c9a55f481c83a4bbb79175272734b5aaa632f5c0b5c0309eaa20a1de56
e3_end_to_end_workflow/environment.yml	364	5951c2f1e440f548a9e9b9d573f7df3c28689a4c3b3680e05fcdd416c7fca154
e3_end_to_end_workflow/profiles/local/config.v8+.yaml	131	d16bccebdaefe8a078d0dfdc4d5931e5849e846e329f14e0f10fd4938173d016
e3_end_to_end_workflow/profiles/slurm/config.v8+.yaml	251	dbf8cbfe0a3018d680147ccbefc5aad5f8c87b51f48ca42cb04e10a5bc337d25
e3_end_to_end_workflow/pyproject.toml	1026	2fb5e5e0950d5a6c39383eddf18c701cda62eab1fa0fb1fc4f6a567015186e2d
e3_end_to_end_workflow/requirements-dev.txt	107	7934a4da093ca2e89deb1a94539d10b9a13670e4eeacf206798c1d8cdd4a8c3c
e3_end_to_end_workflow/requirements.txt	41	f5caeebe140a320b9e4a2a1f364684d43e16ac2b833fdfe6f89bd4e6e3fead09
e3_end_to_end_workflow/run_e3_end_to_end.sh	15556	1e251f3ae319152edfee7ae2afb7221b286e43ed53ae0e6cb174bb9c45a268e6
e3_end_to_end_workflow/run_tests.sh	1755	c4b20abcfeeab83387cc5f2c64ea39593e3542a1acdb474571f5ac1f07afe010
e3_end_to_end_workflow/scripts/slurm_e3_controller_job.sh	4035	603a3dca274972090489b52d57f3798c803b4909eec041855ffab5a8108cdf25
e3_end_to_end_workflow/src/e3workflow/__init__.py	86	33c8e8c7d81cf3d8119f1ea075db30311a3a1fe7e53f413a444406e4fea8f0df
e3_end_to_end_workflow/src/e3workflow/__main__.py	85	351c960df7f559d0f5c6a1af166a2a81d1dba1ec41f3a94e34ac0a267885ed5d
e3_end_to_end_workflow/src/e3workflow/benchmarking.py	39869	2514a5f339e4cf71a20889c6497570aa6fd02e802d8634220943815dab95c309
e3_end_to_end_workflow/src/e3workflow/cli.py	15098	6298914b65d65db08db13ef6f66d121fa2827fecf7f5360f6d0df54a116b693f
e3_end_to_end_workflow/src/e3workflow/config.py	52961	66190da267341335bc6916e1cfe8d6c10962020c977a1cd273eaf393ea0bb056
e3_end_to_end_workflow/src/e3workflow/control.py	3761	8dd031a4ac4635eb643662e652486c09ea708c47c3954b92965f86a2513257ea
e3_end_to_end_workflow/src/e3workflow/diagnostics.py	4544	77868570e972ae9dfcc795d7c8e8c2fcd98928bd620425463b47d11ea212773e
e3_end_to_end_workflow/src/e3workflow/domain_annotations.py	17141	f36e749348630f4809cc16210cda3eccb4e1d57bf2bbd05d3293c4903f3326d6
e3_end_to_end_workflow/src/e3workflow/errors.py	454	d21d014b7c9a803386998a7faedcb1aaa782ba93211b024c0fc6c3ac41beaceb
e3_end_to_end_workflow/src/e3workflow/fresh.py	5226	43b71bc8f129a48e917ff11f6a788679ef59f86d17564e9a365ab0dab821b211
e3_end_to_end_workflow/src/e3workflow/integration.py	39129	a4f1f14f22aeb961cb7673d2c91846486f1d3fbbca89b43b96c5429f144057ee
e3_end_to_end_workflow/src/e3workflow/io_utils.py	6970	b52b621aad5320790e1e6d1baf798661e8937dddd97e1907f12882e9278ee442
e3_end_to_end_workflow/src/e3workflow/ligandability.py	44073	e0bcf7450c166bdb4e7f69f0b75b347c08dbd4cf1fb39829bcdcad6ca4ef18f1
e3_end_to_end_workflow/src/e3workflow/manifests.py	5025	66f83ae6a78f72a7cc8bdeaf785ff41e6f4e648feafe5940d22013853c592431
e3_end_to_end_workflow/src/e3workflow/orthology_groups.py	6236	c7133f88be385dad5e8e7a70d70f09756dca735b6e1acde04daa91fd32a3f5a5
e3_end_to_end_workflow/src/e3workflow/prioritisation.py	26781	98c6a1f515d5a7efb4630b51890141f3499c4fc80fb6f678ce514b04b1123f0b
e3_end_to_end_workflow/src/e3workflow/production.py	59646	bfafe8cb4171d73bdbb40b44468c08ca28244154660da93c67caa1f776d85f26
e3_end_to_end_workflow/src/e3workflow/reporting.py	54236	20072875d3526e516dd5920030ba2236a95e642b02ec6522fe81e9b57c325010
e3_end_to_end_workflow/src/e3workflow/resources.py	11254	11c64bdda573b0e68ee7375d4b54b689d2ab6b18cdc3491710ee9abc481ac130
e3_end_to_end_workflow/src/e3workflow/runner.py	34616	5f57a9e9cce2aaa039d9e0da7f8531b011e4caf632839fc34fe84524836ab8c1
e3_end_to_end_workflow/src/e3workflow/seed_evidence.py	5370	196ee4dd7c83881fb577fc77e248bf9424599bfa6a500ccd3e66bce75057a433
e3_end_to_end_workflow/src/e3workflow/sweeps.py	23279	93c35d35f09ea4b7aacde4ef463bf47c8124f43e549e2c3aa21e0ff2e02f97aa
e3_end_to_end_workflow/src/e3workflow/tabular.py	4928	f45d6a2d7fe32573a92b5342226551d929d6a85e5f59299ffe06ac46da57a94c
e3_end_to_end_workflow/submit_e3_controller_slurm.sh	11147	1dbcfbe1a4a07c970f7002d43ea5c465a8aa6481840e7b790e042f9f2ad71bf4
e3_end_to_end_workflow/submit_e3_end_to_end.sh	6274	c4f2a001044348a21b7787fb980a14ffbc76316e5ae5b5b90fa01b9656db0549
e3_end_to_end_workflow/tests/conftest.py	1261	c9b4fc2571a4817af9fdee86bd3a2515026076708469e7e2bf29af7a6f4a1702
e3_end_to_end_workflow/tests/fixtures/arabidopsis.faa	88	4acc439eb2009d5950be86dd70db52463a4a7485488e22b225a58a9ea3cd0aa0
e3_end_to_end_workflow/tests/fixtures/human.faa	98	8d6dacab5be22e44537459af06cbad134021a2ab255a7bf0b26d10dd978e6808
e3_end_to_end_workflow/tests/test_benchmarking.py	13331	c7db4de6707b5533468616ba6caf9b9f8ab5722975e463b1e47bcaa8e7dced1d
e3_end_to_end_workflow/tests/test_cli.py	8611	9e8961eba248fe554afb0e95e10d596a3fd065e29d4366597969a017815e94dd
e3_end_to_end_workflow/tests/test_config.py	14110	f35e9a1cdbb8483895a9084191c9d3501edeebe9e0946f8a609dfca7134cc302
e3_end_to_end_workflow/tests/test_control.py	2284	53dabec19a7f726d93968ec1d4c44601b178e4f361f77385aad6a26926c6d556
e3_end_to_end_workflow/tests/test_diagnostics.py	1722	cfcb191d31ce152360ffa67a496be163f32ec51171f533d910ef42120979635a
e3_end_to_end_workflow/tests/test_domain_annotations.py	11946	67e515030cffddfdf053ef34e9a821dc55cf6ecaaf726e7d1ba75620ef418320
e3_end_to_end_workflow/tests/test_environment.py	12549	2399b49e6e207b2c8fc6985650881aadb77a6f80013fbffe91793baf8e0c4b1e
e3_end_to_end_workflow/tests/test_fresh.py	4475	71877b002e48a41d54b4dbaf7e174c990f646b1ae8521528c6461cdf689cd3c3
e3_end_to_end_workflow/tests/test_full_scientific_pipeline.py	18452	17165a9328121d8ac7bd452dd436ce3220130d03be1329b6740d821e16187106
e3_end_to_end_workflow/tests/test_io_utils.py	4151	bdbe54723dd8122df253f368d9c9694ad1cb1c74bbda11c66323bcbcf8ad468a
e3_end_to_end_workflow/tests/test_manifests.py	4684	11fe3a86559d8660abca46c4595fd9d641b4bce44ae3472ddc7f203bd9369f7e
e3_end_to_end_workflow/tests/test_reporting.py	19418	dc6668ff2841fcf7711c0c3150623694cd17d3034628fe7f5123ae27fc294e43
e3_end_to_end_workflow/tests/test_runner_e2e.py	14470	6631e139ec44b5adae0894cbed64c7bc775d09dd8e0155eca83e7cc32cdb18e1
e3_end_to_end_workflow/tests/test_scientific_adapters.py	23024	62011697efc8eb92f7bb1925c2a0754f511ca632a679e05818b7e5b2aad94ba3
e3_end_to_end_workflow/tests/test_scientific_utilities.py	10885	3d6bea24b67429a14f24f1743ad397c181f9a8733a3b821fc44612893e5bac5a
e3_end_to_end_workflow/tests/test_seed_evidence.py	4546	6d3ae53bdf6cac395a058c13b82ae9f2924c08cf1bae50b449f8ad086383d022
e3_end_to_end_workflow/tests/test_sweeps.py	9995	54d9712f0feb22dbae32c54b6ad26af92d70383584c81f405ce3154ed18cbc92
e3_end_to_end_workflow/workflow/Snakefile	4666	4c88cee18cafad66d900924884e24d96b32fc42dd203db1cbd529ad66296ab73
e3_ligandability_pipeline/.gitignore	107	bcfe1ebaaae17d098e7504af09e541edc3e9c9dd08ba9e923ebd05252f2122d2
e3_ligandability_pipeline/BUILD_RESULTS_v0_1_0.txt	13701	01027b7312a61e5d5fc4f35d747bcdb1445140d851efd8aeab8f853f7cb5580f
e3_ligandability_pipeline/BUILD_RESULTS_v0_1_1.txt	13954	05685bb53e2c4b45ff705fb4d8696c94a3d86fc61c971661a87d42c7901fb4f8
e3_ligandability_pipeline/COMPILE_CHECK_v0_1_0.txt	17	f8ebc65bcf3d22d004eddde09612fcff2d08ea954cb441132209d74adf4b6451
e3_ligandability_pipeline/COVERAGE_RESULTS_v0_1_0.txt	9191	4bdc6c836c7033454e68753513eae0a0ce6a319831112dff942eea4a9992b8d4
e3_ligandability_pipeline/COVERAGE_RESULTS_v0_1_1.txt	1731	ea1a924abd1f1b12e9daebc82f41e531abe6b880a4270254ac2a668f5b51640d
e3_ligandability_pipeline/DIST_CHECKSUMS_v0_1_0.sha256	230	48691da89dd620efe956321c1e094815d4cdb02abef4f74bc22d45c777d52d1e
e3_ligandability_pipeline/DIST_CHECKSUMS_v0_1_1.sha256	230	b4ebb8060839afe04c60d9c9b286429360b3ec96e91457da8174a5fde6f83c57
e3_ligandability_pipeline/MANIFEST.in	625	d8030d647b240213c75f9b9d1cff8332ca94e8f5a813ad56f9e764c301654c82
e3_ligandability_pipeline/README.md	9730	e9a5a71f7da679cf66a2e791f3367cf820591639e24a8e5cee33ea8f08b16c33
e3_ligandability_pipeline/RELEASE_NOTES_v0_1_0.md	1245	a09b841d6f4640225f007fd92f6d03c34fcbc38ecb5a52b3b19e43a8574e1d1e
e3_ligandability_pipeline/RELEASE_NOTES_v0_1_1.md	1440	6a9b8564000524fb9548b2eadd6c6455b90d52041e0da9daa9f7b20fbf6df5f4
e3_ligandability_pipeline/RELEASE_VALIDATION_SUMMARY_v0_1_0.txt	2019	a2977b0af550f9dfe30e54d22eaa0742477664fd32d6c468cd8eac7fe9a210e0
e3_ligandability_pipeline/RELEASE_VALIDATION_SUMMARY_v0_1_1.txt	1423	4dd19df6ed9d472828c9aad7347962fbdb5bab256eadedf9b3df4bf05a8934fa
e3_ligandability_pipeline/TEST_RESULTS_v0_1_0.txt	18927	08aa3cde5e2c3a401cfa836ec122ca492e0a8a95bf10231070c6ff18f39d11e8
e3_ligandability_pipeline/TEST_RESULTS_v0_1_1.txt	19224	e59b98060ab7ce74a583ed7693f4d22b6135571aed9d6228760c68404ad62741
e3_ligandability_pipeline/TWINE_CHECK_v0_1_0.txt	150	2901231e7af16fdef0a349c11ed33bb14a4712250dc9688ec3d9fcfde01f8a36
e3_ligandability_pipeline/TWINE_CHECK_v0_1_1.txt	150	65b9c12cc7c64e1fecd37d930f3f67547697bfa9a9b41d7c23f357c974f8f0e3
e3_ligandability_pipeline/WHEEL_VALIDATION_v0_1_0.txt	570	8d0be2a44e86bbc1ec67d1fce8a867cc1eacc317a6c24d59f61ea015e3064b3f
e3_ligandability_pipeline/WHEEL_VALIDATION_v0_1_1.txt	55	eaa6df1fb1619c253d04541cab247e0e38f959fc5bb311aad53bb95db5f13750
e3_ligandability_pipeline/config/config.cluster.example.yaml	1182	eed37fcca7ec76720c49261233e0dc6a5c337cf18889e475f133ee1b50c4c5df
e3_ligandability_pipeline/docs/CLUSTER_RUNBOOK.md	3476	93640355549224704b708a94fbc68f7244e8ec53c9c4a657c6db10d103a51279
e3_ligandability_pipeline/docs/LEGACY_AUDIT_AND_RERUN_DECISION.md	3881	9fa2f98e6fdf92f47646d92de4ae0b917e48a977ad1d4c604ccb7813e8d77d34
e3_ligandability_pipeline/docs/METHODS_AND_SCIENTIFIC_LIMITS.md	4249	1f91d39cce6d0fb8b73f8b4ed79bc982d7959d976a145bd2b5f66ab2453391ac
e3_ligandability_pipeline/docs/OUTPUT_SCHEMA.md	3142	edaa398d7ea603b221e18ec55a3d1a50dcb85acc0052b117038c01f508f5df18
e3_ligandability_pipeline/docs/TEST_TRACEABILITY.tsv	12769	a3ae033032cf4645a2f33904f307bf5b04aab5e97a7700f8a61076c1f19f4a1d
e3_ligandability_pipeline/e3ligandability/__init__.py	94	a90b178451bf7c82732f1b3f8df6c7951286ed6f3a7e4aa9c6c01ef658263396
e3_ligandability_pipeline/e3ligandability/alphafold.py	18903	91b8d8b3aa32bb3e9fc2fedf8ffeca4b73c45b00096cdf01346d9b700ccc3cea
e3_ligandability_pipeline/e3ligandability/cli.py	6409	d2c2b8ab202b54fe7fef33b10e49c9543ff4536f7546e0b172a65b8bcbfbbbec
e3_ligandability_pipeline/e3ligandability/config.py	12616	8ff8c71748206c1e1dd0a47aebad37ad9bc458660106983653d53e7ecdcee388
e3_ligandability_pipeline/e3ligandability/fpocket.py	6773	b5da114eacdf06bf4b646a34520a32c167a2610e5ea8ace62b5ff65086837d95
e3_ligandability_pipeline/e3ligandability/io_utils.py	11397	38e7a072ec2c54faaf8f97fdd93b4647ee94f0c9f8b2d9d02662811985f3005a
e3_ligandability_pipeline/e3ligandability/logging_utils.py	1465	09c884682091556a01a636ff2d6262eed394bc19f6f221536fe68d078a7127c3
e3_ligandability_pipeline/e3ligandability/mapping.py	11745	c74aaaa3512daafd337aaaae361caa7e43493fd710c51e03fe454d193ba7c197
e3_ligandability_pipeline/e3ligandability/models.py	2192	5ba4c70da8dd1cb1bd9086d21c39f3787c4ea671da56e533aa3bb86079fd7679
e3_ligandability_pipeline/e3ligandability/outputs.py	6567	1cab9082c2ccd4a35ce09a13334510dc2bcc2343030977aea3c8d0d4db41930d
e3_ligandability_pipeline/e3ligandability/p2rank.py	4250	b8f9b6d672bf931f3b46378ee8150f8f8ab685a2809c40fbee0c4974f86e644e
e3_ligandability_pipeline/e3ligandability/pipeline.py	19078	5b2ff6482ce8a679e5537c91c39dc405b4d32e203392f8e1d13f2d64ee5dedbe
e3_ligandability_pipeline/e3ligandability/provenance.py	5199	92b937137b7285824dcc3df95a1ac4cba810c89aa82477386313e50ed8994214
e3_ligandability_pipeline/e3ligandability/qc.py	7802	5d67166fdb9de8e0b34d3f4a02def0ade92260ae67f1fe2983853e7765f9705c
e3_ligandability_pipeline/e3ligandability/regression.py	6841	abc0ef0e868e37f924b97372932179957201d878a3a42b6cf1309697dffaaff3
e3_ligandability_pipeline/e3ligandability/structure.py	15565	ab3eb4484548cca70e68a55ea1bc14aeedb3e8a89e97b94300d15adcf1a372c5
e3_ligandability_pipeline/e3ligandability/tools.py	10712	6e08b5a5a348b2d8e088fcbf72f6f4b83fa144d6216616e6587ab0656c7c602a
e3_ligandability_pipeline/environment.cluster.yml	292	c42a410dff1b94a586d7fa19f298832c6700e2197c45c2e7f2cdd5815942ee74
e3_ligandability_pipeline/examples/accessions.local_models.example.tsv	72	a1ab190311cce4d0cd26dcd40964d6b1eb8bde9478d36a6ade7d3ad7f9df9118
e3_ligandability_pipeline/legacy_reference/LEGACY_FILE_CHECKSUMS.tsv	478	064768eca18cee8d5339ae39c1cc5b2ce18586440ff496ff0ce585cc0029be23
e3_ligandability_pipeline/legacy_reference/README.md	663	6b953b06fba77c3731dcad6c428792b005c1b180c481f69befdc8691b500a7ad
e3_ligandability_pipeline/legacy_reference/download_models.py	2626	cdc71be094a21fa070251ed5990094f842e0e26809d8957ebd3284c68c3ca5fe
e3_ligandability_pipeline/legacy_reference/fpocket_inherited_environment.yaml	1057	387e6e4391ca39c518f1196650c50ec7a81cd615f04ef0443b0ea28c35404a41
e3_ligandability_pipeline/legacy_reference/get_pLDDT_scores.py	4893	f0da0993fe56206357407dd423e771f15852b45c769a92c598de5f783c80b1d0
e3_ligandability_pipeline/legacy_reference/get_pocket_pLDDT_scores.py	3032	1323303f15658959885f3a613aa95a92464da528468e7f3896bbf453c1e068c9
e3_ligandability_pipeline/legacy_reference/plot_pLDDT_dist.py	1803	7b0794aac77237c65da6fdb7d22df8535a3914570f9f2f848dfe5726ffe9acff
e3_ligandability_pipeline/legacy_reference/run_p2rank_rescore.sh	535	8851f0c528730b912f15a662777c5fd95c62da3f09e2dc405d391ac9f29c9139
e3_ligandability_pipeline/pyproject.toml	964	2435e8f9a6c2926bceb2ac12b02158cba2216063d4babe5807047dae4ca6ad4c
e3_ligandability_pipeline/requirements-dev.txt	58	3e00c6fc4df1621fcb8f980ec32c41d9fef4d5c1ece71c00adcc1506074df341
e3_ligandability_pipeline/requirements.txt	76	94f380876d92240ae41be3f0e732b3cd783a5ad490d74b7a07d25fce362f1ab8
e3_ligandability_pipeline/run_coverage.sh	281	40de2256caa0058fc80675874ef06a1752f3b89b90c3848784a83251981cf9bd
e3_ligandability_pipeline/run_e3_ligandability.sh	3338	3c61385c58e66bf18bacd21e243c196e1780f406da7b5fec92cb92fd756a2417
e3_ligandability_pipeline/run_legacy_regression.sh	1645	c02f2eea3b88af33d1ae484c3918380927e6d86574911a898d18c62795be54a4
e3_ligandability_pipeline/run_tests.sh	491	8af1d187abd7228b66bdb6e0eebe6938af375350e8afca0664c49cc5f7c8dd00
e3_ligandability_pipeline/scripts/e3_ligandability.py	180	295ea03c55006a6ee4ede8b59209c79f60e3ca0722b0b8b366163817d5044cd7
e3_ligandability_pipeline/scripts/slurm_e3_ligandability_job.sh	1261	f1d34529cebebefc63010fe0f548a476507ce9c58148c636670c88b377921692
e3_ligandability_pipeline/scripts/submit_e3_ligandability_slurm.sh	2790	85db0bc5d30ad019afae9a0800b67e914b7a06712d9b218965d406d72d871eab
e3_ligandability_pipeline/tests/fixtures/model.cif	1071	5f21847b3367af26cb04c63217a626043c7c89e7d7c329bcd3394e0c843f491f
e3_ligandability_pipeline/tests/fixtures/pocket1_atm.cif	645	79555bbfce35ec7443da30cb3a859bcd3e8d788b8461e9cf8d0e3b6b72ec59e9
e3_ligandability_pipeline/tests/fixtures/pocket_sparse_fpocket_4_2_2.cif	272	dd01e8ba7100ee33ba1bfbb52186ba509ca0f596fd1425ca3f47e116d0152552
e3_ligandability_pipeline/tests/test_additional_coverage.py	11740	611a54f6a74f5d78e2be9ddf140f1d7576639464fdf21fad9723799a286a4c4a
e3_ligandability_pipeline/tests/test_alphafold.py	7910	3418ea1ad5a46335b0791b34dce2aadd09de66d964762ce9bc9f51838ce881b6
e3_ligandability_pipeline/tests/test_config_io.py	9252	ca005a013d446046246f508d9eecf79d590060f531ea33f55b056ad8ce85cc01
e3_ligandability_pipeline/tests/test_defensive_branches.py	21870	ac6ae5d3254bf277b31d2c5ad49fdd6e5d2b10ce163a9e803a00133ca689e7d9
e3_ligandability_pipeline/tests/test_pipeline_cli_regression.py	12241	80acff666c4fa2fb003d4a45128d104c0ac933fd96052b7098585093576498f7
e3_ligandability_pipeline/tests/test_release_contract.py	6895	cf0627c37fe6c5f725f2cc77e8833cadd9cac7377bd72bbaa9e6ed6e3b4cf398
e3_ligandability_pipeline/tests/test_release_coverage.py	7406	ef2636e7378092093011c355443c51aa47a4e40e1011cda8d67ab7664bf6046d
e3_ligandability_pipeline/tests/test_structure_pockets.py	9244	f5ef831a43824608b48caaf4c406e393a5f64ab88bce24fe459f67a034b52796
e3_ligandability_pipeline/tests/test_tools_outputs_qc.py	10228	a97a4738d83836c689adcc5e39920796d4678fc1a6729032b8c4eb3245944269
e3_orthology_integration/.gitignore	89	9113f38ae6d576904b40504a83c7257758957794194fbd3c152f2d24df2a3040
e3_orthology_integration/README.md	8655	ad4d4d5d45d623bc64d91834635afa4727c944a65506e9c93f8f56ed01c0420f
e3_orthology_integration/RELEASE_NOTES_v0_1_3.md	1232	0831ee6a41ecd05c640b531f50b1a8404b5d6ffb57c34eea160e549247a0830c
e3_orthology_integration/RELEASE_NOTES_v0_1_4.md	758	917e7eda9eb1fd0643db33940cebc15122ac48091ba4bbd9df64bd4197f837a8
e3_orthology_integration/config/results_feb26.yaml	612	ee1fe2ea9c8849250685fbe0c86ff406f695097f401c1b547203d5ec679868eb
e3_orthology_integration/config/species_manifest_results_feb26.tsv	889	74c396481a66486db9a67294fba45e47765a21b9ec276afd9197cddafde0d291
e3_orthology_integration/e3orthology/__init__.py	103	9e2c9547ab5e028ebe3a3002a740ec7a0c9bf1115be5495559125fb2c9f4fe48
e3_orthology_integration/e3orthology/__main__.py	140	4ebfd768b094994d6dcdba5a1530fa69f1231a7bbb9228522f1bd490d2efedb1
e3_orthology_integration/e3orthology/candidates.py	5647	1ef48b0e6cb35c585fcd6d510664fa611e2596c06aeaf7ae21af075161cd8a9d
e3_orthology_integration/e3orthology/cli.py	9936	a7cfefd27946b1cb2b775bfe5acf19c8908866c232c7e340e8ba8553a197302a
e3_orthology_integration/e3orthology/config.py	6612	1961870b462ccf524b9825663ba8b022f619122f6921f604bb8ab487e04556e4
e3_orthology_integration/e3orthology/data/results_feb26.yaml	612	ee1fe2ea9c8849250685fbe0c86ff406f695097f401c1b547203d5ec679868eb
e3_orthology_integration/e3orthology/data/species_manifest_results_feb26.tsv	889	74c396481a66486db9a67294fba45e47765a21b9ec276afd9197cddafde0d291
e3_orthology_integration/e3orthology/errors.py	686	8b0b73480151774be5395babb8a31898cde5f782ec70fd3d08d4acc65f37e576
e3_orthology_integration/e3orthology/identifiers.py	6808	80dc432ba8d39133608dd8bb7afa76ee57208990755ff347ce6fb7dbc371b422
e3_orthology_integration/e3orthology/io_utils.py	9230	70bf0d57b7d321dab94a22b32d9430c43654c9eeacef6841d4d80c1b0c98bee6
e3_orthology_integration/e3orthology/logging_utils.py	1393	b39707ef2317091b5a25bc058e53b93165d01e265490d205b142f23064e59f26
e3_orthology_integration/e3orthology/orthofinder.py	5698	e70d212c6f32403b56ae22ac69ff0db8346803a285ce8bc9b4d3fcd604aae484
e3_orthology_integration/e3orthology/pipeline.py	68011	db09e85965e995a5b8fc7435a0437c7bd6489214efd93d818a210d1184c5cf9d
e3_orthology_integration/e3orthology/species.py	5896	924f9c721799ff45a554014fd5c199a99658e0f9b2d217bfce1fafae9e8671ec
e3_orthology_integration/e3orthology/sqlite_audit.py	3623	b13eebf57d62d93e2a7694f0a9351eec8b1b07230006ccb7c5924313437dd6ea
e3_orthology_integration/e3orthology/stages.py	14116	daaf2d235ad14d2d71bef185262dfb9d715244b7796117621d05a04b2d2b6d20
e3_orthology_integration/environment.yml	232	f5554ebfbe5c26c1d72668e82d1fbe8d24deea0f2f53917830a5cf386a33e1dc
e3_orthology_integration/pyproject.toml	1140	9a431583a196e34acd7f91d2f7e30f755ff415b3c3ffae507f1c88c8080e6ca2
e3_orthology_integration/requirements-dev.txt	91	0c6df42306561ad2322e1017f674e95c9b29512f3031e0e8eb46fdee1bd70002
e3_orthology_integration/requirements.txt	29	47ded2c9a5b8249a6cc1175bffeb90c6db8a7a7cb680517d778c359cb300ab70
e3_orthology_integration/run_e3_orthology_integration.sh	4254	6fbdfbfb6e9f35e7c9545f971da0ce5cb3e103885e39005883996e7d8412b006
e3_orthology_integration/run_tests.sh	885	6f660c4ea3eb947d58d39b95158e165e99617394cfe812be6a31ce20f858d885
e3_orthology_integration/slurm/e3_orthology_integration.sbatch	1623	c82c87b5bf8beeee95b9c03112d55bc24f00d4deeb9455c595a1fbec1a5da71b
e3_orthology_integration/submit_e3_orthology_integration.sh	5423	2ad6f93bcec11dc407c472f00b58f7a737db90ca42786afa0c16082691fa8111
e3_orthology_integration/tests/__init__.py	47	e8ebc058a7bc7209818e14a65e38cc3395ebd56efd7e75aa1633c278dab70495
e3_orthology_integration/tests/helpers.py	4247	b82569a686ac9155dfcab898cdbbfa3c3e23bb0317fefab4c1d5580f17d5fda3
e3_orthology_integration/tests/test_cli.py	7338	483b1e0dd3bf856aa663a471a0c956b2a1bf7545e40775ecede12b5693218779
e3_orthology_integration/tests/test_identifiers_species.py	6794	f234ccfa45e695def29dd7ab8db9177fdce35596091aed2c48619dfb022b1424
e3_orthology_integration/tests/test_inputs.py	12075	eec13eb8748ddb9953823483e4c34cbe688e1240996bb5ce872cac4648f27947
e3_orthology_integration/tests/test_io_config.py	10058	4d0e5951eb0c1ae27a704089fdd76abec6cf143cd96c5fc2329ca70e7cda5e44
e3_orthology_integration/tests/test_pipeline_e2e.py	8931	48c50bae6ea6fd7440e8eaf8ac222f442a35ef81a0e3763e07c45dc2193478d6
e3_orthology_integration/tests/test_shell_wrappers.py	12805	2f9ca8390797abee15ff7332a89eacb63045dac2198b3816ab68aef6b6e7556d
e3_orthology_integration/tests/test_stages.py	12988	35affef3dde62534c388d8122794be374f9fcee46b6c1778cb370dab5def8502
e3_python_app/.gitignore	72	071f194b37908fcb5660f1ba247209bf1fac0c77d1d0830c2a507407fff1e7f2
e3_python_app/README.md	2905	37e9d65042df205ed5bb29e5d9829a0fc3e687f7d75e1bf4c2ca1498b6655400
e3_python_app/RELEASE_NOTES_v0_2_0.md	560	37a67fb99c0840bdd4180b083ed9a97858fb6cc03b0415f1b28773f460abe599
e3_python_app/config/app.env.example	316	9775213bd787fc9cfb297be328ca71da93bc640818ee37f576f4d9673881d47f
e3_python_app/docs/TEST_TRACEABILITY.tsv	528	9b44063d04abd111e83199b73c67d3f8aab6f8324a31aa2291ef7217e8f784f7
e3_python_app/environment.yml	258	3507e33a7bc9d28cc8c244b7b85b1284174de48855678befeadf86e0a01f3fac
e3_python_app/pyproject.toml	1079	d245eb1bfa44269fc53760ee1896318f7c9e07e98542acb835ff27de6b52339e
e3_python_app/requirements-dev.txt	90	7cdab80d07e5a802ff1517471ce4f988a0fa8d0757a5e98fb63ee65512fff659
e3_python_app/requirements.txt	65	0a4212147b299cfc0eb23a101144647a0aac00bd848f98d1e3f400098fc620dd
e3_python_app/run_e3_python_app.sh	2638	2dc77d1a1eb79efa40039ead90a7297f2a0dec4b21edc489d238a7d7ce041212
e3_python_app/run_tests.sh	467	1645e80d0ab98658a597a632a1b2453ca7658614797a2ff8d736acd1e414d586
e3_python_app/src/e3app/__init__.py	80	af8c53eb84d0fc63acdc515c19622fb9d549c7658c8f98bdb9ee664916b22c84
e3_python_app/src/e3app/__main__.py	80	cb2a9c099a8a6afb5b889225a28ee7e01344990c3b6492f387ce3fba6e7e0cac
e3_python_app/src/e3app/cli.py	3417	dd07e063a75d311dd7fc2324e41a2c254d04fafb4d7a80eacd5fd598527f7676
e3_python_app/src/e3app/config.py	4361	93d6543a69b50aa327e089d9a6576d2ca5f217845950c6ce7bb9115a0d00c401
e3_python_app/src/e3app/data.py	22607	822aab545cc91450bdceff7da2d8410b323b344a62eb23c8c988c32f6feb8b3b
e3_python_app/src/e3app/errors.py	145	746c6fb58dc6346e5993a3882f341786832ca77d69f2722ea52653cd93eda390
e3_python_app/src/e3app/streamlit_app.py	9264	d02c4ccb3d000c829b7f5e5accf6d799f3168c128ef34486271e3977cb546892
e3_python_app/tests/conftest.py	5533	ff76157ed87ab86e562ee87d8c3dea23ab914145290a3512cc763ab6d17d2abe
e3_python_app/tests/test_cli.py	2998	11f5a877aabe44a0de11093d2604ace6ea61e5e07ddab4ed1ccff70f43408d7f
e3_python_app/tests/test_config.py	3053	2b731d9d23299600d6d5da5ea203af62f6fd1fc4dcf0f2530dfea70beea7b86e
e3_python_app/tests/test_data.py	9947	ac22cf621536551ef341e3e73fc975a9b2ca52acfc0efe19cf05dc72f2d6ef89
e3_python_app/tests/test_streamlit_app.py	2757	5424a57f5b32d314142f5d5d817f33681dd83f433822c2cc555c04ba34434bb1
e3_source_to_parquet_seed/COVERAGE_RESULTS_v0_4_0.txt	468	155aab00a0a39bfd1342042c21e1333b9c911cbf2edeef54d4c9c2ab0b08dbf0
e3_source_to_parquet_seed/README.md	17740	ddc28f7b1f3f3f548616e41b0e894bcda9c90d6b367f9645930e47ac3461bb5f
e3_source_to_parquet_seed/RELEASE_NOTES_v0_4_0.md	3098	2d301eb80ede63eff88fce467cae04db29aed4f7ab4bfb1fc0cf07576cf87bfb
e3_source_to_parquet_seed/TEST_RESULTS.txt	10896	11a37ebda226c09418e46ac05fd1621b512a0c7c8b7f73f23e136fcb42530894
e3_source_to_parquet_seed/TEST_RESULTS_v0_4_0.txt	16565	31988e4371edc53a95240be8a1d677cdf4b10a5c07cf9d26b8e18687b283ad58
e3_source_to_parquet_seed/docs/CANDIDATE_EVIDENCE_RESOURCE.md	4944	a20c99fc282cd32a72a08455ba9f5043626fd2cfba81c828ae9cd4ad6593fb3d
e3_source_to_parquet_seed/docs/CANDIDATE_EVIDENCE_TEST_TRACEABILITY.tsv	3316	4a30c7d97ef8f584ebcbf51bc222dbb35dbb43838dd2e92fe39df9e21aa6e7a0
e3_source_to_parquet_seed/e3parquet/__init__.py	86	a2e62620980a8c62c33392a86dba779dfb4cbc9d3bbe78463abd9dcb8b976d07
e3_source_to_parquet_seed/e3parquet/candidate_evidence.py	39995	fa261414fc639411781ba10110bb95e68c70a957e1f725ff6f926c8709c83ab6
e3_source_to_parquet_seed/e3parquet/cleanup.py	1635	a5357d362b8f36eb090128467effa204a8bd07e7b2ecb0f82806b8770b20c105
e3_source_to_parquet_seed/e3parquet/curated.py	51947	756a8e919ca8e7c47653a5d42723fdf308ece8af292b070891f2247e4c814ce3
e3_source_to_parquet_seed/e3parquet/duckdb_views.py	5119	44d2157c4a079eac666b5ed4f2024394a835e326f1893cbf3a7b0eabaaf01432
e3_source_to_parquet_seed/e3parquet/fasta.py	3485	17e05381e076af504e1d130e4af2bfc6517e7062d37a18e88a3e4e902b3612cd
e3_source_to_parquet_seed/e3parquet/file_manifest.py	2578	66c6034973de237a8c489ddb2fd043d3b313d3f7102ca3699d6a610d05c4c672
e3_source_to_parquet_seed/e3parquet/io_utils.py	10153	775303eced8fd488a2deea997d4b934fc879a9e0fb6948cb3cb3df4100825f3e
e3_source_to_parquet_seed/e3parquet/logging_utils.py	1254	ce5454511a23cba0080d0ddc5f9a58d02e518fe6c520b780136a4ef422f38187
e3_source_to_parquet_seed/e3parquet/reports.py	5837	f184e358cc177c1019d0f394d7fbb6bd61e27f299f6318dbfe172eb909fe01c6
e3_source_to_parquet_seed/e3parquet/tabular.py	7080	6dc9ad8aec60c0639a2282d831ca19e0189368d356272ed499fa12d67b910bea
e3_source_to_parquet_seed/pyproject.toml	696	493816fdbb652a4f6f4b37f5dd8bda89fb4d16caeeccd4e8508a1751139d5bcd
e3_source_to_parquet_seed/requirements.txt	57	589eda32469d5b1941d5175eb6b535700db000f6190251e04d56af7731763059
e3_source_to_parquet_seed/run_coverage.sh	502	4540ae9d097b2edd221b6f398836760fb5b31a825d430f172deb5baf296a9206
e3_source_to_parquet_seed/run_e3_candidate_evidence.sh	3808	e6cfa5793236f47693a45225333b3f1b490827eb054086e90175345c9a06b2a5
e3_source_to_parquet_seed/run_e3_seed_pipeline.sh	2230	2de871d64992f7a5f0ac70ada4e7d4c16a311b6ed4c0256d333f4bdee0287d05
e3_source_to_parquet_seed/run_e3_source_to_parquet_seed_full_cluster.sh	14421	701bbbc65ad7edc02cd2b92ccdac8525bee1a0863053ae54bd3e30ac52092d29
e3_source_to_parquet_seed/run_tests.sh	1232	a536acee93d0063493d7cf20987a72e65a1348a2261eb4faf7d14f502a7da0d4
e3_source_to_parquet_seed/scripts/e3_build_candidate_evidence.py	3322	d58752f654f896af00410c5a7a0e7e2c3f4229fefc8a0bf2fb5c3f56f688f45b
e3_source_to_parquet_seed/scripts/e3_build_curated_resource.py	5953	f4a3121f4196d6452dc29355d51cd4802d03d5721062bc5bfdc34777896b64bd
e3_source_to_parquet_seed/scripts/e3_build_manifest.py	2678	413328f179730685534bab3638087a759b00afca4762a2f37c6cad0eeeb3098c
e3_source_to_parquet_seed/scripts/e3_clean_macos_sidecars.py	2006	3cc1ca4d93c07ae06bb4493671d6d217fb584089678329211be733fbf3232bae
e3_source_to_parquet_seed/scripts/e3_convert_seed_sources.py	16237	6b98929fc217cbbc0dc5c160412cf82a34956448c43a454ba1dda21613163a40
e3_source_to_parquet_seed/scripts/e3_create_duckdb_views.py	2442	5e002db94e42e21d1e5e5520fbb2d978028fdac9b6f247fb76c28e66ba223cf0
e3_source_to_parquet_seed/scripts/e3_write_files_used_report.py	1651	e6c6a8cf89ac90d3dbf166f0e245a07c52d900f88636f879021d349926b769e8
e3_source_to_parquet_seed/tests/fixtures/production_duckdb_columns_20260716.tsv	14800	636dd28cf1a326497d9801d7c4e19a7a1ca3b69eb279a3f438cd65a63638c44c
e3_source_to_parquet_seed/tests/test_candidate_evidence.py	28728	9e271b73844218ff42082e036a5a336c08a3b521cf8b33c335370889623db74a
e3_source_to_parquet_seed/tests/test_candidate_evidence_cli.py	5802	0f11a784e0d1c31f0c52b6b24bb6b5565a64c3e5fd505341ceccda2830beb2c8
e3_source_to_parquet_seed/tests/test_cleanup.py	1621	80a0fdae60ca7eabaff523ef581b629970b3f955c742e77acd159a987249d515
e3_source_to_parquet_seed/tests/test_curated_debug.py	2593	12305e97131e8916699cfb85039cdab57f12bd21eabe85e6241754fba03c5db3
e3_source_to_parquet_seed/tests/test_curated_helpers.py	7443	aa5b66b5aeaa6869c75af26bf808ebb1858c70ccfd582b5018d6ca5e8f078db6
e3_source_to_parquet_seed/tests/test_curated_sql_generation.py	1403	c123ca89be76d93abc63914eeec7ddea818ab745bde4a910885d5ff93c7631e7
e3_source_to_parquet_seed/tests/test_duckdb_views.py	2037	0c8267f4bf486b3db9ea0bef511ca51d5a051dec61fa0a49e716364b604694d5
e3_source_to_parquet_seed/tests/test_existing_parquet_copy.py	2378	3f316a1254cbf24f725d410a87a15c522e19443612d50b3470ed735574711b7c
e3_source_to_parquet_seed/tests/test_fasta.py	1854	8eea28a5e3f1162e6b1946185574a2d84a5541c5ed94779a188d5d94fe106f40
e3_source_to_parquet_seed/tests/test_io_utils.py	4080	57b64d56198c682e18a6809494ac11327494711cd55fc068d45767c3d196ee78
e3_source_to_parquet_seed/tests/test_manifest.py	2937	9b022dfd2c21268b8e075185851d028cfa9d3423cc02613df1f2dab1f11a6c53
e3_source_to_parquet_seed/tests/test_pipeline_wrapper.py	1736	f58a6a78c7570d13811e3341461c8afdb2c93102913edde1c898663c4206c066
e3_source_to_parquet_seed/tests/test_release_contract.py	4134	7f93e2302243237fb16fef29f5cbe40c0b3d4eb8ad2347d143e739862e550cb6
e3_source_to_parquet_seed/tests/test_reports.py	2117	58eab8acc37bd8582f41b8f9764860cf6550c31170757f3746f72cf14d5d9b87
e3_source_to_parquet_seed/tests/test_tabular.py	3015	ee73f856eb6a7c1b70d5a760d05e2cdc747bed130e5f0fe3b41151d2d5c7c741
e3_structural_alignment/.gitignore	63	22ab720e2a0a86109a8209d407120c1f794c8150f15eca51ced07a37e9045699
e3_structural_alignment/README.md	8377	b10c0349d47f48f7b42e3facb41b8891f9dee95757e637f7d1849012619a65bc
e3_structural_alignment/RELEASE_NOTES_v0_1_0.md	914	ea801e04eb538f09d3059386dc6e725844679ab28a7b14a1a190f056c7648476
e3_structural_alignment/RELEASE_NOTES_v0_1_1.md	1453	3d7b868c94f294b55bc3fe59ebb40e6f16408703bdc8ef7cae96ce3887ed1ecc
e3_structural_alignment/RELEASE_NOTES_v0_1_2.md	439	0d6c973681e5b7eacda652e766ec428a4dd19155ea31dd90b8f1dd68a6cb064e
e3_structural_alignment/environment.yml	299	1d428008f63097f5e861201b17f8a057d49583454d44cc77396e4fd4901ac1df
e3_structural_alignment/pyproject.toml	1007	43bab0f315b846cece33918baa677fceab414761cec90b66d78b1178effa6c25
e3_structural_alignment/requirements-dev.txt	90	7cdab80d07e5a802ff1517471ce4f988a0fa8d0757a5e98fb63ee65512fff659
e3_structural_alignment/requirements.txt	34	7c002c42c14dc6a792fea5bb28be65a5f6482bf616210776654320ef70bcd28c
e3_structural_alignment/run_e3_structural_alignment.sh	1531	59256e97e6150d298c298a561ec0d9035e12c845f1409ee83b771e47a0cc05f7
e3_structural_alignment/run_tests.sh	494	0d2c2843266db7330bb0161f7954a2941f178cda65c085054c7d8fe843d61ff2
e3_structural_alignment/src/e3structalign/__init__.py	104	b9c29eb022b29c3887c7f6a891d0fd1fa2b7d33c79485d6c09ee262dbd9d2ff4
e3_structural_alignment/src/e3structalign/__main__.py	152	39a5a8e716f441fa2e996aec912ff73a0156d13a4f9c9fddb59fd825ee1a5c1b
e3_structural_alignment/src/e3structalign/cli.py	5854	18e64eced19ca7fcb91956db95c2fafd189a4cb625064021e8a2a15677587898
e3_structural_alignment/src/e3structalign/errors.py	427	cc4037a525ecfb3cc62aacaa4e470fc427dd3972d4db0cdeb87e5bbdad50cda8
e3_structural_alignment/src/e3structalign/interactive.py	12776	65aa8df7e7cdb7ce1f71e7806a6679e31f63b61d647461e08633e1600883fc39
e3_structural_alignment/src/e3structalign/io_utils.py	8424	9c6890c05a413fb0f8fc1b2593c9a0208675c650a7dd7158b407bff36ad37e66
e3_structural_alignment/src/e3structalign/models.py	2781	a6c695da83720fb3dcaed98aa1a22a0a010418c9717e626f606c36f09fdfae4f
e3_structural_alignment/src/e3structalign/pipeline.py	60764	a1f5eefc91d31af481bc3ae6ac6aeb31de5bdc2c51c647aa52166361e3ca990a
e3_structural_alignment/src/e3structalign/reporting.py	15437	46ed151c7e1a3444569e2d68440828ca51efc01d4bf5a8888ec81d46f5e3f314
e3_structural_alignment/src/e3structalign/structure_io.py	13245	47fa2ea1af7e7dfac86d6b9adc2665206a3a21aba07df1565cd58595639d9bf3
e3_structural_alignment/src/e3structalign/usalign.py	5611	c7cc23d9cb103f78b8fc3f09c1796d5c69868e3c8c8283b126520ed2bd21301a
e3_structural_alignment/tests/conftest.py	5114	52fea4e38c7ddd4f6716c727d4fbfb58b98c4c7d8f2edb097db077041c3fcff9
e3_structural_alignment/tests/test_cli.py	2239	e151ea02a22a9bd837923615b1f2970a422c68158fcb9c89d08f7decab054c15
e3_structural_alignment/tests/test_io_utils.py	1588	24b3544fc79cd90c888b39c0c1c2e9947e6ab89c2106a730e1cadd3d43e2f961
e3_structural_alignment/tests/test_pipeline.py	9053	2c6df5cd200c0e55c56760f425c4a28be63cd34893117d92084baf139befbfe2
e3_structural_alignment/tests/test_reporting.py	5168	c3d2980292bb2b3e492359e1c94c0e33eadbebeea1a5dbe7007276d1fa5e7016
e3_structural_alignment/tests/test_structure_io.py	5087	0d80b94559747987953a0ec6110f863e7c3ae13024ae7710c3f0375d2f8603cc
e3_structural_alignment/tests/test_usalign.py	5032	17e417cc36c2fcf6aa875304fb43d5cfa75d6bb8b6f604160b579278bad3a802
expression_downloader/CONDA_SETUP.md	1660	291a2057b39a98ef9b6cbb7757e0ecbd8be9fde98b62e0f0f87ff59393c2f0ff
expression_downloader/DESCRIPTION	1437	b3d08a28fb1ab127cf968f044394185fcb0ee0511515b9f978b6f90ce8ae4d47
expression_downloader/LICENSE	1056	1126322e2cc8d165adc4c792eeb195717de2bcc7b39be1ce77959d78e87ef685
expression_downloader/NAMESPACE	31	736cb2c31c983b3a07d06d09b8ef93d89972f312c1db584ff253a0281d082bac
expression_downloader/PYTHON_FIRST_WORKFLOW.md	4025	67a7d1bba9bafdd6ce2ae7b11dee04a3d50980c4af3b670bc456a47cab558f3c
expression_downloader/R/atlas_files.R	12679	09b9c77684bf0c5c5893d79b267f90170b635d8f8b74c7aa8674c9e1e1364537
expression_downloader/R/atlas_search.R	15255	961f36c3598eb800cb06c27761fde3e1129d114cc82c5076dd418c487c37ce8b
expression_downloader/R/duckplyr_import.R	11994	7ecb1402d8e6c245393aa6699bf17fa3d0d922f093b0822f4b56c50e28c57cc8
expression_downloader/R/file_helpers.R	2292	f0b1c09e4989174b3bdfe26c3964db4d1c016fe1dc4f7f0c5cda7931019876d3
expression_downloader/R/identifiers.R	5664	fce2fdf3cd66dc22c57e63d95235fe5ee9f6bfa7ba525663acbd84d647eb9de1
expression_downloader/R/pipeline.R	8664	9d82ab09c97f85da9932b82f1849b09f35d426943aba69e6ce1100af246ab649
expression_downloader/R/query.R	12337	a903278da2d0b660cc6394ab24421cbbb1dd5e8bb23e9a4c68ebb24ce58e2bcc
expression_downloader/R/species.R	5026	2d4ddc0ddc80b20798a3a0a592b519c62a90ff3b6328e8cd6a1a8c836640d418
expression_downloader/R/utils_cli.R	2189	766af37971f719b6ed9832dca20f462c92c7d24c9388e7f1536a0d23352353aa
expression_downloader/README.md	17954	93efd9990113b706ffa3b5ab22d1edf89444e77e3504f73cefc8352387414c3d
expression_downloader/basic_runner.sh	833	8afecb5ab8237f44a1920c571d6cab97840a7b15c6a2ab86d14625cc86849537
expression_downloader/data/manual_experiments_template.tsv	190	6e22d2b98d90bf92ff1b6dd7a432b2d7cb78893e726c2a02d5ec34c792dc7aac
expression_downloader/data/species.txt	1314	14edb95f5bc5c08857a96bee5ade06a6ae6fe048f2ce8bb5d24a3aee54ea686a
expression_downloader/data/species_overrides.tsv	1520	a3160e84f44c8872c7995de89ff481fc111436ab0e4d16bd6bce843c5d4f78df
expression_downloader/envs/e3_atlas_duckplyr.yml	392	bee5b18f1698ac46cb376ae34a12cf941099f792e8e637bc2f08d30b495857aa
expression_downloader/envs/e3_atlas_duckplyr_minimal.yml	354	915bebe83929c18bff094da2106a46aad0fe8b583473d1ce6f0ab2403e5bd56a
expression_downloader/inst/extdata/species.txt	1314	14edb95f5bc5c08857a96bee5ade06a6ae6fe048f2ce8bb5d24a3aee54ea686a
expression_downloader/inst/python/discover_and_download_atlas.py	55744	3edb347c658f1089fe81ba1a42af4abbd3ab02351c2416f424e0139a8e829226
expression_downloader/inst/python/download_atlas_files.py	20403	794916d8b7f35356cc9861a97346606a3da533dbd7288053c70cac0ebe2e00e0
expression_downloader/inst/python/import_expression_to_parquet.py	22657	30daad7a5f8ddec181556b23325e219dfc7054d5f13d4c3ea0b30b7eeeff6c51
expression_downloader/inst/python/import_sample_metadata_to_parquet.py	37114	0aa72f06f494e93496ee2c56060d1bd0d148f4b299aed1d1b84ea7621baafb00
expression_downloader/inst/scripts/00_check_dependencies.R	2463	afa8e556b47ab086fa4f4cf99bbc19dfd18bbc726fc3167dfab3c5e0bc69b39c
expression_downloader/inst/scripts/00_create_conda_env.sh	638	79743c3049904fe5748213bffaa34848dbb39914205c3b246b500e1a722c02d7
expression_downloader/inst/scripts/00_install_dependencies.R	1349	c83c259759a2be748cb219a29b2d1543b246eb92e671eb57b494fe96b8eba77c
expression_downloader/inst/scripts/01_build_species_registry.R	680	f477677da3251e0d0c715f8f3a41780f9fc14e8be3bc4e098c248e9b0b93e423
expression_downloader/inst/scripts/02_python_discover_download_atlas.sh	212	3087df588d03dcf858b6bd436c828a5bee66b5fd057aad98c220af86228c2e12
expression_downloader/inst/scripts/02_search_atlas_experiments.R	1719	c025ce7912c5880f08c069eecca24b63496e4630fd8274a002f05092a0cfe80b
expression_downloader/inst/scripts/03_download_atlas_files.R	4034	0ec1843cb392e0f0839005c2454ab3e6fc544d261d3c85cee22ac62e063d4a72
expression_downloader/inst/scripts/03a_build_ftp_manifest.R	1719	f96dbfc6f0d71c9e0cf0f20978148536c36ae446ac2f01d78f3242fee8312175
expression_downloader/inst/scripts/03b_download_atlas_files_python.sh	1376	f212c579cba30eb67012c52366962ec9402580cf7ca937a191da584dcbaf2f0c
expression_downloader/inst/scripts/04_import_expression_to_parquet.R	1184	4feb653f7ff1901656ac92ccce263b0f52e9a01e97bcf29d5ce42c390e5d26a3
expression_downloader/inst/scripts/04_python_import_expression_to_parquet.sh	1142	590715172fec27c038cd90134ca48fff6ba19846874a25cf715504157f468688
expression_downloader/inst/scripts/05_extract_identifier_aliases.R	1773	687ed12df50d3e45096eadb7008413dc6a84d5ba01cf4ab3469e3e48ba77cadb
expression_downloader/inst/scripts/05_python_import_sample_metadata_to_parquet.sh	226	792f4b1a1c1fa63e76bf6893b852823c36fc0b1b95efe2be7fa49f6312d8c87e
expression_downloader/inst/scripts/06_create_duckdb_views.R	1458	91c45e202f4d284fb9a7cf934324987c145b3b7294f3c2b7643d96891c1dcb78
expression_downloader/inst/scripts/07_query_example_duckplyr.R	1176	812bcf49f774981d83251169d92149557104b575a6a27826aebb6468ee7eec43
expression_downloader/inst/scripts/08_run_tests.R	472	2eebd1a0c9d5e36abc912d68fcc6301c36ef2cfaa16daea1495aab4819333cb9
expression_downloader/inst/scripts/09_run_python_tests.sh	213	243f58a2841e5a98b66197d20ad69d463bf00cb9b855967fd20ddda2b9f6d9c8
expression_downloader/inst/scripts/_bootstrap.R	1600	253cf47b9bfedc93e4e6c6994c2ad3e6a08e4a9c2fe8bda8c570cd262ec34401
expression_downloader/inst/scripts/run_all.R	2831	e26c4458a993ac41a80d495964677422b5cf52228459f022c1fb48acad5d68e9
expression_downloader/inst/scripts/run_python_first_then_r.sh	4901	493b17cc42f94815a1402cd205f1d267f35c561e53571dcddc05ac54028cf63f
expression_downloader/rebuild_duckdb_views.sh	312	6478e3910989214d25fdb35ad69ad2564d335d29fffbd3d1a4f481e8a3d3070e
expression_downloader/run_full_expression_atlas_pipeline.sh	2804	c09a4a4ceca374ee8ff01df704aaa75c266d160998daa6279c7f11fb6568ec91
expression_downloader/tests/python/test_discover_and_download_atlas.py	7428	20aee1b9fcf9e99ae21dca315436e75f62e23869401533cfaf046b4bd208edc1
expression_downloader/tests/python/test_import_expression_to_parquet.py	4368	58b704a5a99b150c739f3bf175cf9959d3ee00886c29bfa4798e18a0033fd05a
expression_downloader/tests/python/test_import_sample_metadata_to_parquet.py	10913	361a29adbc9d2b675116cccb3a8f9d3d928a4f631277a76196fd3ee69660558b
expression_downloader/tests/testthat.R	74	c9a7f86939c3dc091cd0f7613c027902a7c4efa0e27c5bff010677b17571fb43
expression_downloader/tests/testthat/helper-load-package.R	181	4659793b5d01a5544e020728ee20fa7a2952bacbda677405b710726dc1e690e8
expression_downloader/tests/testthat/test_atlas_search.R	1569	0124e7fec1cbd510892859e6b54ef4964b3cf712242d6ede730f72a1e22224a7
expression_downloader/tests/testthat/test_cli.R	675	37d1367c8bf5bb53613c98322d6ef922acc9fe5faf005a430b8e41198663c7d4
expression_downloader/tests/testthat/test_duckplyr_import.R	1022	5d323443ea620d8af055c7d395a041704d9d3e82e0f2839203a94847b9533ab6
expression_downloader/tests/testthat/test_expression_columns.R	1229	a53b0a3a12f07cd95513458051c89dab03e0b1092faf7568762458530abaa90b
expression_downloader/tests/testthat/test_files.R	720	a91af14a20071581b8da1f26f223742165598ad8484440ac5b2d1d42f32b3370
expression_downloader/tests/testthat/test_identifiers.R	798	1c3dff9909ace0307dd1c15cb7fb43a342a71067d2de20d830441fe280470dd1
expression_downloader/tests/testthat/test_manifest.R	3089	bac4730d8857897e8ed5704462ea7dcf31b5757ca77442765ad2d2191bbc8a59
expression_downloader/tests/testthat/test_query_helpers.R	845	0aa07586033ab688267a62b720cd73b6fbfaf2b4a04aacf0fcfaedd80ad94391
expression_downloader/tests/testthat/test_species.R	1371	fa89cf6c28133ad7e88945445d2a6fbbe3c4513bbf39337e0fdfebf5d9eda4dc
mkdocs.yml	2012	d82d2339c19889f0e5c5a5d1dacc1c0b8977258714dc9f41ca79b3c91e37f792
requirements-docs.txt	40	6c41518522035e177051b965981afea3176ff3b04f27033145a29b8c5a36d60b
run_e3_pipeline.sh	4802	19ddf50457804d1901ed07596407eefbd18237cbd38c0b5971bff3357982c59a
run_e3_pipeline_fresh.sh	4848	8a539bc0904a3e0a4adde1e5e3f1b38f25f1b50461e43aea671a3d1998f878ac
run_repository_tests.sh	597	d16b125610cd3003c7734657313d5720341be97a7fcddd12f62311e3b6d869af
tests/test_documentation_site.py	3439	cb3f78a7e21bc514088b8da2c98744d1af4c2d372a01e655499a133c8d92f26d
tests/test_repository_entrypoint.py	5408	61ce49e4c4dca027f63349d03cefb51b0d6d41ec6517cc5e3c0c66f97ab8bc8a
