field	category	type_or_unit	definition	interpretation_or_caution
final_evolutionary_rank	1. Ranks and review statuses	Integer; blank if ineligible	Final rank of the distinct evolutionary group after joining its deterministic lead DeepClust cluster to the integrated structural result.	This is the principal ordering for the group-level final review lists; lower is better. It is not an experimental validation rank.
member_pocket_top_k	2. Top-k pocket sensitivity fields	Integer; blank if ineligible	Number of ranked pockets retained per structurally assessed member in the sensitivity analysis.	The v0.14.0 sensitivity authority used top five pockets. This is not the number of pockets that passed.
sensitivity_group_position_support_fraction	2. Top-k pocket sensitivity fields	Fraction/score (0-1)	Fraction of expected group members supported at the same three-dimensional pocket position when any of the retained top-k pockets may match.	Sensitivity result; compare with the primary selected-pocket result and do not substitute it silently for the primary gate.
sensitivity_group_support_fraction	2. Top-k pocket sensitivity fields	Fraction/score (0-1)	Fraction of expected group members with a fully conserved three-dimensional pocket under the top-k sensitivity rule.	Sensitivity result showing how pocket-choice uncertainty changes support; it is not the primary decision field.
position_rescued_accession_count	2. Top-k pocket sensitivity fields	Integer count	Number of member accessions whose same-position support changes from unsupported under the primary pocket to supported under the top-k sensitivity rule.	Counts accessions rescued by alternate pocket selection, not newly generated structures.
conservation_rescued_accession_count	2. Top-k pocket sensitivity fields	Integer count	Number of member accessions whose full 3D conservation support changes from unsupported under the primary pocket to supported under the top-k sensitivity rule.	A rescue indicates sensitivity to pocket choice and should be reviewed alongside the primary result.
sensitivity_position_alignment_status	2. Top-k pocket sensitivity fields	Categorical status	Group-level categorical conclusion for same-position 3D pocket support under the top-k sensitivity analysis.	Status values distinguish supported, not supported and not assessed; they are not booleans with missing values treated as false.
sensitivity_alignment_status	2. Top-k pocket sensitivity fields	Categorical status	Group-level categorical conclusion for fully conserved 3D-pocket support under the top-k sensitivity analysis.	This sensitivity conclusion does not replace three_dimensional_alignment_status in the configured primary gate.
prestructure_evolutionary_group_rank	1. Ranks and review statuses	Integer; blank if ineligible	Rank of the distinct evolutionary group before ligandability and structural evidence were integrated.	Lower is better. Differences from final_evolutionary_rank show reordering caused by structural evidence.
evolutionary_group_key	3. Evolutionary-group identity and contributors	Identifier/text	Stable compound identifier formed as primary_group_type:primary_group_id.	Use this key for joins at evolutionary-group level; do not join group tables by lead_cluster_id alone.
primary_group_type	3. Evolutionary-group identity and contributors	Identifier/text	OrthoFinder grouping level chosen as the primary evolutionary unit for the candidate.	Usually a hierarchical orthogroup; interpret primary_group_id in the context of this type.
primary_group_id	3. Evolutionary-group identity and contributors	Identifier/text	Identifier of the primary OrthoFinder orthogroup or hierarchical orthogroup.	It is not a DeepClust cluster identifier and should not be conflated with lead_cluster_id.
lead_cluster_id	5. Lead-cluster pre-structure evidence	Identifier/text	DeepClust cluster selected deterministically to supply the group-facing detailed evidence record.	The lead is the best computationally ranked contributor; a group may contain multiple contributing clusters.
lead_computational_rank	5. Lead-cluster pre-structure evidence	Integer; blank if ineligible	Pre-structure computational rank of the deterministic lead DeepClust cluster.	This is a cluster rank, whereas prestructure_evolutionary_group_rank is a distinct-group rank.
contributing_deepclust_cluster_count	3. Evolutionary-group identity and contributors	Integer count	Number of DeepClust clusters assigned to the same primary evolutionary group.	Values above one show that several discovery clusters were consolidated into one evolutionary candidate.
contributing_deepclust_cluster_ids	3. Evolutionary-group identity and contributors	Semicolon-delimited text list	Semicolon-delimited DeepClust cluster identifiers contributing to the evolutionary group.	Use the contributor relation for row-level details; this field is a compact audit summary.
best_prestructure_score	3. Evolutionary-group identity and contributors	Fraction/score (0-1)	Maximum prestructure_score among all contributing DeepClust clusters in the evolutionary group.	This is a group aggregate and can differ from a displayed lead field only if ranking tie-breaking requires it.
mean_prestructure_score	3. Evolutionary-group identity and contributors	Fraction/score (0-1)	Arithmetic mean prestructure_score across all contributing DeepClust clusters in the evolutionary group.	Describes within-group average strength; it is not used as the lead cluster's final structural score.
minimum_prestructure_score	3. Evolutionary-group identity and contributors	Fraction/score (0-1)	Minimum prestructure_score among all contributing DeepClust clusters in the evolutionary group.	Use with the mean and best scores to judge within-group heterogeneity.
lead_orthofinder_orthogroup_ids	5. Lead-cluster pre-structure evidence	Semicolon-delimited text list	Deterministic lead DeepClust cluster's semicolon-delimited OrthoFinder orthogroup identifiers associated with the cluster.	Lead-cluster snapshot, not an aggregate across every contributing cluster. May contain multiple alternative assignments; primary_group_id records the selected primary unit.
lead_orthofinder_hierarchical_group_ids	5. Lead-cluster pre-structure evidence	Semicolon-delimited text list	Deterministic lead DeepClust cluster's semicolon-delimited OrthoFinder hierarchical orthogroup identifiers associated with the cluster.	Lead-cluster snapshot, not an aggregate across every contributing cluster. These retain hierarchy-aware alternatives and should not be collapsed into ordinary orthogroup IDs.
lead_alternative_group_count	5. Lead-cluster pre-structure evidence	Integer count	Deterministic lead DeepClust cluster's number of non-primary OrthoFinder group assignments retained for the cluster.	Lead-cluster snapshot, not an aggregate across every contributing cluster. Indicates grouping ambiguity/alternatives; primary_group_id is the chosen operational group.
lead_candidate_accession_count	5. Lead-cluster pre-structure evidence	Integer count	Deterministic lead DeepClust cluster's number of candidate protein accessions represented in the cluster-level record.	Lead-cluster snapshot, not an aggregate across every contributing cluster. A record count, not a species count; several accessions may belong to one species.
lead_candidate_accessions	5. Lead-cluster pre-structure evidence	Semicolon-delimited text list	Deterministic lead DeepClust cluster's semicolon-delimited candidate protein accessions associated with the lead cluster.	Lead-cluster snapshot, not an aggregate across every contributing cluster. This is a compact list; use normalized member tables for species, sequence and mapping detail.
lead_target_species_count	5. Lead-cluster pre-structure evidence	Integer count	Deterministic lead DeepClust cluster's number of configured target species present in the primary orthology group.	Lead-cluster snapshot, not an aggregate across every contributing cluster. Use target_species_fraction for normalized coverage.
lead_target_species_total	5. Lead-cluster pre-structure evidence	Integer count	Deterministic lead DeepClust cluster's total number of target species configured for the prioritisation profile.	Lead-cluster snapshot, not an aggregate across every contributing cluster. Denominator for target_species_fraction; the v0.14.0 profile used 12.
lead_target_species_fraction	5. Lead-cluster pre-structure evidence	Fraction/score (0-1)	Deterministic lead DeepClust cluster's fraction of configured target species represented in the candidate's orthology group.	Lead-cluster snapshot, not an aggregate across every contributing cluster. Denominator is target_species_total; species absence and unavailable downstream evidence are separate concepts.
lead_target_species_present	5. Lead-cluster pre-structure evidence	Text	Deterministic lead DeepClust cluster's semicolon-delimited configured target species represented in the orthology group.	Lead-cluster snapshot, not an aggregate across every contributing cluster. Species-level orthology presence, not proof of domain, expression or structure evidence.
lead_target_species_missing	5. Lead-cluster pre-structure evidence	Text	Deterministic lead DeepClust cluster's semicolon-delimited configured target species absent from the orthology group.	Lead-cluster snapshot, not an aggregate across every contributing cluster. Absence at orthology stage is different from downstream evidence being unavailable.
lead_mandatory_species_count	5. Lead-cluster pre-structure evidence	Integer count	Deterministic lead DeepClust cluster's number of configured mandatory species represented in the orthology group.	Lead-cluster snapshot, not an aggregate across every contributing cluster. Use with mandatory_species_total and mandatory_species_missing.
lead_mandatory_species_total	5. Lead-cluster pre-structure evidence	Integer count	Deterministic lead DeepClust cluster's total number of species configured as mandatory for the profile.	Lead-cluster snapshot, not an aggregate across every contributing cluster. Denominator for mandatory_species_fraction.
lead_mandatory_species_fraction	5. Lead-cluster pre-structure evidence	Fraction/score (0-1)	Deterministic lead DeepClust cluster's fraction of configured mandatory species represented in the candidate's orthology group.	Lead-cluster snapshot, not an aggregate across every contributing cluster. Denominator is mandatory_species_total; this is an orthology coverage measure.
lead_mandatory_species_missing	5. Lead-cluster pre-structure evidence	Text	Deterministic lead DeepClust cluster's semicolon-delimited mandatory species absent from the orthology group.	Lead-cluster snapshot, not an aggregate across every contributing cluster. Any configured mandatory-species requirement should be interpreted using this explicit list.
lead_domain_supported_species_count	5. Lead-cluster pre-structure evidence	Integer count	Deterministic lead DeepClust cluster's number of domain-assessed species with the required domain/E3 support.	Lead-cluster snapshot, not an aggregate across every contributing cluster. Assessed negative and unavailable species have separate counts and lists.
lead_domain_assessed_species_count	5. Lead-cluster pre-structure evidence	Integer count	Deterministic lead DeepClust cluster's number of target-present species for which domain evidence supported a positive or assessed-negative conclusion.	Lead-cluster snapshot, not an aggregate across every contributing cluster. Denominator for domain_species_fraction.
lead_domain_unavailable_species_count	5. Lead-cluster pre-structure evidence	Integer count	Deterministic lead DeepClust cluster's number of target-present species lacking an assessable domain annotation result.	Lead-cluster snapshot, not an aggregate across every contributing cluster. Unavailable is missing evidence, not an assessed negative.
lead_domain_annotation_coverage_fraction	5. Lead-cluster pre-structure evidence	Fraction/score (0-1)	Deterministic lead DeepClust cluster's fraction of target-present species with assessable domain evidence.	Lead-cluster snapshot, not an aggregate across every contributing cluster. Coverage denominator is target-species presence; separate from the positive support fraction.
lead_domain_species_fraction	5. Lead-cluster pre-structure evidence	Fraction/score (0-1)	Deterministic lead DeepClust cluster's fraction of domain-assessed species that support the required E3/domain criterion.	Lead-cluster snapshot, not an aggregate across every contributing cluster. Assessed negative and unavailable species are reported separately; unavailable is not zero support.
lead_domain_supported_species	5. Lead-cluster pre-structure evidence	Semicolon-delimited text list	Deterministic lead DeepClust cluster's semicolon-delimited species with positive required-domain support.	Lead-cluster snapshot, not an aggregate across every contributing cluster. Species list corresponding to domain_supported_species_count.
lead_domain_annotated_negative_species	5. Lead-cluster pre-structure evidence	Semicolon-delimited text list	Deterministic lead DeepClust cluster's semicolon-delimited species assessed for domain evidence but not supporting the required criterion.	Lead-cluster snapshot, not an aggregate across every contributing cluster. These are true assessed negatives and must remain separate from unavailable species.
lead_domain_unavailable_species	5. Lead-cluster pre-structure evidence	Semicolon-delimited text list	Deterministic lead DeepClust cluster's semicolon-delimited target-present species without assessable domain evidence.	Lead-cluster snapshot, not an aggregate across every contributing cluster. Missing/unavailable evidence; do not count as negative support.
lead_expression_supported_species_count	5. Lead-cluster pre-structure evidence	Integer count	Deterministic lead DeepClust cluster's number of expression-assessed species with at least one uniquely mapped candidate member classified as broadly expressed.	Lead-cluster snapshot, not an aggregate across every contributing cluster. Numerator for expression_species_fraction.
lead_expression_available_species_count	5. Lead-cluster pre-structure evidence	Integer count	Deterministic lead DeepClust cluster's number of target-present species with any candidate-linked expression availability before unique-mapping assessment.	Lead-cluster snapshot, not an aggregate across every contributing cluster. Availability is broader than assessability and can include ambiguous mappings.
lead_expression_assessed_species_count	5. Lead-cluster pre-structure evidence	Integer count	Deterministic lead DeepClust cluster's number of target-present species with at least one uniquely mapped expression row yielding BROAD or LIMITED evidence.	Lead-cluster snapshot, not an aggregate across every contributing cluster. Denominator for expression_species_fraction; unavailable species are excluded rather than scored zero.
lead_expression_unavailable_species_count	5. Lead-cluster pre-structure evidence	Integer count	Deterministic lead DeepClust cluster's number of target-present species with no uniquely mapped assessable expression conclusion.	Lead-cluster snapshot, not an aggregate across every contributing cluster. Missing evidence count; not a count of low-expression species.
lead_expression_evidence_coverage_fraction	5. Lead-cluster pre-structure evidence	Fraction/score (0-1)	Deterministic lead DeepClust cluster's expression_assessed_species_count divided by target_species_count.	Lead-cluster snapshot, not an aggregate across every contributing cluster. Measures expression evidence completeness, while expression_species_fraction measures support among assessed species.
lead_expression_species_fraction	5. Lead-cluster pre-structure evidence	Fraction/score (0-1)	Deterministic lead DeepClust cluster's fraction of expression-assessed target species supporting broad expression for at least one mapped member.	Lead-cluster snapshot, not an aggregate across every contributing cluster. Denominator is expression_assessed_species_count, not all target species. The stringent gate threshold is 0.80.
lead_expression_supported_species	5. Lead-cluster pre-structure evidence	Semicolon-delimited text list	Deterministic lead DeepClust cluster's semicolon-delimited expression-assessed species supporting broad expression.	Lead-cluster snapshot, not an aggregate across every contributing cluster. A species is supported if any uniquely mapped candidate member passes the broad-expression rule.
lead_expression_assessed_negative_species	5. Lead-cluster pre-structure evidence	Semicolon-delimited text list	Deterministic lead DeepClust cluster's semicolon-delimited expression-assessed species classified as LIMITED rather than BROAD.	Lead-cluster snapshot, not an aggregate across every contributing cluster. True assessed negatives under the configured rule; distinct from unavailable species.
lead_expression_unavailable_species	5. Lead-cluster pre-structure evidence	Semicolon-delimited text list	Deterministic lead DeepClust cluster's semicolon-delimited target-present species without a uniquely mapped assessable expression conclusion.	Lead-cluster snapshot, not an aggregate across every contributing cluster. Never interpret these species as zero expression.
lead_reviewed_seed_fraction	5. Lead-cluster pre-structure evidence	Fraction/score (0-1)	Deterministic lead DeepClust cluster's fraction of matched known E3 seed identifiers that are reviewed in the source annotation.	Lead-cluster snapshot, not an aggregate across every contributing cluster. Discovery support feature; reviewed status does not validate the new candidate experimentally.
lead_ubiquitin_go_positive_seed_fraction	5. Lead-cluster pre-structure evidence	Fraction/score (0-1)	Deterministic lead DeepClust cluster's fraction of matched seed identifiers with positive ubiquitin-system GO support.	Lead-cluster snapshot, not an aggregate across every contributing cluster. Discovery evidence fraction derived from seed annotations.
lead_exclusion_flag_fraction	5. Lead-cluster pre-structure evidence	Fraction/score (0-1)	Deterministic lead DeepClust cluster's fraction of matched seed identifiers carrying configured exclusion-associated GO annotations.	Lead-cluster snapshot, not an aggregate across every contributing cluster. Higher values weaken discovery support; inspect the exact seed records for interpretation.
lead_discovery_score	5. Lead-cluster pre-structure evidence	Fraction/score (0-1)	Deterministic lead DeepClust cluster's normalized component score summarising discovery-cluster seed support and exclusion evidence.	Lead-cluster snapshot, not an aggregate across every contributing cluster. One component of prestructure_score; not an independent experimental confidence.
lead_orthology_score	5. Lead-cluster pre-structure evidence	Fraction/score (0-1)	Deterministic lead DeepClust cluster's normalized component score for target and mandatory species representation in the orthology group.	Lead-cluster snapshot, not an aggregate across every contributing cluster. Weighted at 0.35 in prestructure_score under the final profile.
lead_domain_score	5. Lead-cluster pre-structure evidence	Fraction/score (0-1)	Deterministic lead DeepClust cluster's normalized component score for required-domain support across domain-assessed species.	Lead-cluster snapshot, not an aggregate across every contributing cluster. Weighted at 0.20 in prestructure_score; missing coverage is recorded separately.
lead_expression_score	5. Lead-cluster pre-structure evidence	Fraction/score (0-1)	Deterministic lead DeepClust cluster's normalized component score derived from expression_species_fraction when expression evidence is assessable.	Lead-cluster snapshot, not an aggregate across every contributing cluster. Missing expression is retained explicitly; no assessed evidence does not constitute a stringent expression pass.
lead_evidence_completeness_fraction	5. Lead-cluster pre-structure evidence	Fraction/score (0-1)	Deterministic lead DeepClust cluster's fraction of the major evidence dimensions with sufficient assessable data for the record.	Lead-cluster snapshot, not an aggregate across every contributing cluster. A completeness measure, not a biological support score.
lead_grant_aligned_criteria_status	5. Lead-cluster pre-structure evidence	Categorical status	Deterministic lead DeepClust cluster's categorical summary of the configured pre-structure grant-aligned criteria.	Lead-cluster snapshot, not an aggregate across every contributing cluster. Read with explicit inclusion, exclusion and missing-evidence fields.
lead_grant_aligned_stringent_pass	5. Lead-cluster pre-structure evidence	Boolean	Deterministic lead DeepClust cluster's boolean indicating that all configured stringent pre-structure criteria pass.	Lead-cluster snapshot, not an aggregate across every contributing cluster. Precedes structural assessment; not equivalent to grant_aligned_final_pass.
lead_computational_structure_selected	5. Lead-cluster pre-structure evidence	Boolean	Deterministic lead DeepClust cluster's boolean indicating that the evolutionary group fell within the configured top-200 distinct groups selected for structural analysis.	Lead-cluster snapshot, not an aggregate across every contributing cluster. Selection for computation is not a structural pass or experimental recommendation.
lead_inclusion_reasons	5. Lead-cluster pre-structure evidence	Semicolon-delimited text list	Deterministic lead DeepClust cluster's semicolon-delimited reasons why the record was retained or positively supported in pre-structure prioritisation.	Lead-cluster snapshot, not an aggregate across every contributing cluster. Human-readable audit text; use the explicit gate fields for programmatic logic.
lead_exclusion_reasons	5. Lead-cluster pre-structure evidence	Semicolon-delimited text list	Deterministic lead DeepClust cluster's semicolon-delimited pre-structure reasons preventing a stringent pass.	Lead-cluster snapshot, not an aggregate across every contributing cluster. These are assessed failures; missing_evidence separately records unavailable evidence.
lead_missing_evidence	5. Lead-cluster pre-structure evidence	Text	Deterministic lead DeepClust cluster's semicolon-delimited description of evidence that was unavailable or could not be assessed.	Lead-cluster snapshot, not an aggregate across every contributing cluster. Missing evidence must never be recoded as a negative result or numeric zero.
lead_profile_name	5. Lead-cluster pre-structure evidence	Text	Deterministic lead DeepClust cluster's name of the configured prioritisation/scoring profile that produced the record.	Lead-cluster snapshot, not an aggregate across every contributing cluster. Scores from different profiles should not be compared without checking their configurations.
lead_interpretation	5. Lead-cluster pre-structure evidence	Text	Deterministic lead DeepClust cluster's release-wide interpretation statement attached to the result row.	Lead-cluster snapshot, not an aggregate across every contributing cluster. Explicitly states that the result is computational prioritisation and requires experimental validation.
final_rank	1. Ranks and review statuses	Integer; blank if ineligible	Final integrated rank of the deterministic lead DeepClust cluster after structural evidence was added.	Cluster-level rank; final_evolutionary_rank is the preferred ordering for distinct evolutionary candidates.
stringent_rank	1. Ranks and review statuses	Integer; blank if ineligible	Rank among clusters passing the configured base grant-aligned gate before any required 3D-alignment gate.	Blank means the cluster did not pass grant_aligned_base_pass. In v0.14.0 all rows are blank because the base gate had zero passes.
structurally_supported_rank	1. Ranks and review statuses	Integer; blank if ineligible	Rank among clusters passing every configured final gate, including required 3D pocket alignment where enabled.	Blank means the final gate did not pass. It must not be read as a poor numeric rank.
boss_review_status	1. Ranks and review statuses	Categorical status	Review-list label indicating whether the group is structurally supported or requires boss review with explicit evidence gaps.	Added to top review-list files; it is a review-routing label, not a scientific pass by itself.
recommendation_status	1. Ranks and review statuses	Categorical status	Cluster-level recommendation label derived from final gate status and the configured candidate limit.	Possible meanings include priority recommendation, stringent pass outside the limit, or further evidence/review required.
grant_aligned_prediction_status	1. Ranks and review statuses	Categorical status	Plain-language classification of whether all configured grant-aligned computational gates passed.	Not grant-aligned is not equivalent to biologically inactive; it records failure or non-assessment of one or more computational gates.
orthofinder_orthogroup_ids	4. Pre-structure species, domain and expression evidence	Semicolon-delimited text list	Semicolon-delimited OrthoFinder orthogroup identifiers associated with the cluster.	May contain multiple alternative assignments; primary_group_id records the selected primary unit.
orthofinder_hierarchical_group_ids	4. Pre-structure species, domain and expression evidence	Semicolon-delimited text list	Semicolon-delimited OrthoFinder hierarchical orthogroup identifiers associated with the cluster.	These retain hierarchy-aware alternatives and should not be collapsed into ordinary orthogroup IDs.
candidate_accessions	4. Pre-structure species, domain and expression evidence	Semicolon-delimited text list	Semicolon-delimited candidate protein accessions associated with the lead cluster.	This is a compact list; use normalized member tables for species, sequence and mapping detail.
prestructure_score	6. Integrated structural scores and final gates	Fraction/score (0-1)	Weighted pre-structure score: 0.10 discovery + 0.35 orthology + 0.20 domain + 0.35 expression.	A prioritisation score on a 0-1 scale, not a probability of experimental success.
ligandability_score	6. Integrated structural scores and final gates	Fraction/score (0-1)	Integrated cluster-level ligandability score derived from selected-pocket quality and member-level structural assessments.	Higher is better under the configured profile; inspect component fields and missingness before comparing close values.
pocket_conservation_score	6. Integrated structural scores and final gates	Fraction/score (0-1)	Cluster-level score summarising conservation of the selected pocket region across assessed members.	Sequence-region conservation is distinct from same-position or fully conserved 3D-pocket support.
three_dimensional_pocket_score	6. Integrated structural scores and final gates	Fraction/score (0-1)	Score summarising group-level three-dimensional pocket alignment and residue/chemical conservation evidence.	Only interpretable when three_dimensional_alignment_status is not NOT_ASSESSED.
three_dimensional_position_status	6. Integrated structural scores and final gates	Categorical status	Primary-analysis categorical conclusion on whether assessed member pockets occupy the same 3D position.	Same-position support is weaker than full conserved-pocket support; missing/non-assessed is not negative evidence.
three_dimensional_alignment_status	6. Integrated structural scores and final gates	Categorical status	Primary-analysis categorical conclusion on whether the 3D pocket is positionally and chemically/residually conserved.	This is the configured primary 3D gate; the sensitivity status is reported separately.
mean_minimum_tm_score	6. Integrated structural scores and final gates	Fraction/score (0-1)	Mean across assessed members of the minimum TM-score used for structural alignment support.	A 0-1 structural-similarity measure; inspect coverage and status rather than treating it alone as a pass.
mean_pocket_overlap_fraction	6. Integrated structural scores and final gates	Fraction/score (0-1)	Mean fraction of selected-pocket residues spatially overlapping the aligned reference pocket across assessed members.	Fraction is 0-1 and is conditional on successful structural mapping/alignment.
median_centroid_distance_angstrom	6. Integrated structural scores and final gates	Number (Å)	Median distance in angstroms between aligned pocket centroids across assessed comparisons.	Lower generally indicates closer positional agreement; interpret with overlap and TM-score.
mean_structural_residue_match_fraction	6. Integrated structural scores and final gates	Fraction/score (0-1)	Mean fraction of reference pocket positions that could be matched structurally across assessed members.	Measures mappability of pocket positions, not amino-acid identity.
mean_structural_residue_identity_fraction	6. Integrated structural scores and final gates	Fraction/score (0-1)	Mean exact amino-acid identity fraction at structurally matched pocket positions.	A strict residue identity measure; chemical-group conservation can remain higher.
mean_structural_chemical_group_conservation	6. Integrated structural scores and final gates	Fraction/score (0-1)	Mean fraction of structurally matched pocket positions retaining the configured amino-acid chemical group.	Uses grouped chemical similarity and is less strict than exact identity.
structural_score	6. Integrated structural scores and final gates	Fraction/score (0-1)	Integrated structural score, normally 0.55 ligandability + 0.45 pocket conservation, with configured 3D refinement when assessed.	Composite score; gate fields, not score alone, determine grant-aligned pass status.
final_score	6. Integrated structural scores and final gates	Fraction/score (0-1)	Integrated prioritisation score: 0.60 prestructure_score + 0.40 structural_score.	Orders review candidates but does not override hard evidence gates.
target_species_fraction	4. Pre-structure species, domain and expression evidence	Fraction/score (0-1)	Fraction of configured target species represented in the candidate's orthology group.	Denominator is target_species_total; species absence and unavailable downstream evidence are separate concepts.
mandatory_species_fraction	4. Pre-structure species, domain and expression evidence	Fraction/score (0-1)	Fraction of configured mandatory species represented in the candidate's orthology group.	Denominator is mandatory_species_total; this is an orthology coverage measure.
domain_species_fraction	4. Pre-structure species, domain and expression evidence	Fraction/score (0-1)	Fraction of domain-assessed species that support the required E3/domain criterion.	Assessed negative and unavailable species are reported separately; unavailable is not zero support.
expression_species_fraction	4. Pre-structure species, domain and expression evidence	Fraction/score (0-1)	Fraction of expression-assessed target species supporting broad expression for at least one mapped member.	Denominator is expression_assessed_species_count, not all target species. The stringent gate threshold is 0.80.
structural_species_fraction	6. Integrated structural scores and final gates	Fraction/score (0-1)	Fraction of expected target-species representatives with resolved, interpretable structural evidence.	A structure-coverage field; unresolved predictions reduce coverage but are not equivalent to a negative pocket result.
minimum_druggability_score	6. Integrated structural scores and final gates	Fraction/score (0-1)	Minimum selected-pocket druggability score among assessed members of the cluster/group.	The minimum enforces the all-member criterion and can veto a high mean score.
mean_pairwise_region_overlap	6. Integrated structural scores and final gates	Fraction/score (0-1)	Mean pairwise overlap fraction for the conserved pocket region across assessed members.	Sequence-region overlap measure; distinct from three-dimensional pocket overlap.
mean_chemical_group_conservation	6. Integrated structural scores and final gates	Fraction/score (0-1)	Mean sequence-alignment conservation of configured amino-acid chemical groups within the pocket region.	A sequence-region measure and not the same as mean_structural_chemical_group_conservation.
mean_pocket_plddt_fraction	6. Integrated structural scores and final gates	Fraction/score (0-1)	Mean fraction of selected-pocket residues meeting the configured AlphaFold pLDDT confidence requirement.	Confidence coverage, not pocket druggability or conservation.
predictor_agreement_fraction	6. Integrated structural scores and final gates	Fraction/score (0-1)	Fraction of assessed members for which the configured pocket predictors agree on the mapped region.	Agreement supports robustness but does not itself establish ligandability.
all_assessed_members_pass_druggability	6. Integrated structural scores and final gates	Boolean	Boolean indicating that every structurally assessed member passes the configured druggability threshold.	True only over assessed members; structural_species_fraction shows how complete that assessed set is.
all_assessed_members_pass_mapping	6. Integrated structural scores and final gates	Boolean	Boolean indicating that every structurally assessed member passes the configured pocket-mapping criterion.	Does not imply that every expected species had a resolved structure.
grant_aligned_prestructure_pass	6. Integrated structural scores and final gates	Boolean	Boolean copy of the stringent pre-structure gate result before ligandability and structural criteria.	Requires all configured discovery/orthology/domain/expression criteria; it is not score-only.
grant_aligned_base_pass	6. Integrated structural scores and final gates	Boolean	Boolean indicating that pre-structure, conserved-region, minimum druggability, all-member mapping/druggability and structural-coverage gates pass.	Computed before applying any separately required full 3D-pocket alignment gate.
grant_aligned_final_pass	6. Integrated structural scores and final gates	Boolean	Boolean indicating that every configured pre-structure and structural gate passes, including required 3D alignment.	The final computational gate. In v0.14.0 its value is false for all 1,972 groups.
conservation_status	6. Integrated structural scores and final gates	Categorical status	Categorical result for sequence-based conserved pocket-region support.	Do not equate sequence-region support with same-position or fully conserved 3D-pocket support.
inclusion_reasons	4. Pre-structure species, domain and expression evidence	Semicolon-delimited text list	Semicolon-delimited reasons why the record was retained or positively supported in pre-structure prioritisation.	Human-readable audit text; use the explicit gate fields for programmatic logic.
exclusion_reasons	4. Pre-structure species, domain and expression evidence	Semicolon-delimited text list	Semicolon-delimited pre-structure reasons preventing a stringent pass.	These are assessed failures; missing_evidence separately records unavailable evidence.
missing_evidence	4. Pre-structure species, domain and expression evidence	Text	Semicolon-delimited description of evidence that was unavailable or could not be assessed.	Missing evidence must never be recoded as a negative result or numeric zero.
structural_exclusion_reasons	6. Integrated structural scores and final gates	Semicolon-delimited text list	Semicolon-delimited structural reasons preventing the base or final grant-aligned pass.	Can contain multiple independent vetoes; inspect alongside structural coverage and status fields.
profile_name	4. Pre-structure species, domain and expression evidence	Text	Name of the configured prioritisation/scoring profile that produced the record.	Scores from different profiles should not be compared without checking their configurations.
interpretation	4. Pre-structure species, domain and expression evidence	Text	Release-wide interpretation statement attached to the result row.	Explicitly states that the result is computational prioritisation and requires experimental validation.
computational_rank	4. Pre-structure species, domain and expression evidence	Integer; blank if ineligible	Pre-structure rank of the DeepClust cluster before ligandability and structural integration.	Cluster-level rank; distinct evolutionary groups are ranked by prestructure_evolutionary_group_rank.
alternative_group_count	4. Pre-structure species, domain and expression evidence	Integer count	Number of non-primary OrthoFinder group assignments retained for the cluster.	Indicates grouping ambiguity/alternatives; primary_group_id is the chosen operational group.
candidate_accession_count	4. Pre-structure species, domain and expression evidence	Integer count	Number of candidate protein accessions represented in the cluster-level record.	A record count, not a species count; several accessions may belong to one species.
target_species_count	4. Pre-structure species, domain and expression evidence	Integer count	Number of configured target species present in the primary orthology group.	Use target_species_fraction for normalized coverage.
target_species_total	4. Pre-structure species, domain and expression evidence	Integer count	Total number of target species configured for the prioritisation profile.	Denominator for target_species_fraction; the v0.14.0 profile used 12.
target_species_present	4. Pre-structure species, domain and expression evidence	Text	Semicolon-delimited configured target species represented in the orthology group.	Species-level orthology presence, not proof of domain, expression or structure evidence.
target_species_missing	4. Pre-structure species, domain and expression evidence	Text	Semicolon-delimited configured target species absent from the orthology group.	Absence at orthology stage is different from downstream evidence being unavailable.
mandatory_species_count	4. Pre-structure species, domain and expression evidence	Integer count	Number of configured mandatory species represented in the orthology group.	Use with mandatory_species_total and mandatory_species_missing.
mandatory_species_total	4. Pre-structure species, domain and expression evidence	Integer count	Total number of species configured as mandatory for the profile.	Denominator for mandatory_species_fraction.
mandatory_species_missing	4. Pre-structure species, domain and expression evidence	Text	Semicolon-delimited mandatory species absent from the orthology group.	Any configured mandatory-species requirement should be interpreted using this explicit list.
domain_supported_species_count	4. Pre-structure species, domain and expression evidence	Integer count	Number of domain-assessed species with the required domain/E3 support.	Assessed negative and unavailable species have separate counts and lists.
domain_assessed_species_count	4. Pre-structure species, domain and expression evidence	Integer count	Number of target-present species for which domain evidence supported a positive or assessed-negative conclusion.	Denominator for domain_species_fraction.
domain_unavailable_species_count	4. Pre-structure species, domain and expression evidence	Integer count	Number of target-present species lacking an assessable domain annotation result.	Unavailable is missing evidence, not an assessed negative.
domain_annotation_coverage_fraction	4. Pre-structure species, domain and expression evidence	Fraction/score (0-1)	Fraction of target-present species with assessable domain evidence.	Coverage denominator is target-species presence; separate from the positive support fraction.
domain_supported_species	4. Pre-structure species, domain and expression evidence	Semicolon-delimited text list	Semicolon-delimited species with positive required-domain support.	Species list corresponding to domain_supported_species_count.
domain_annotated_negative_species	4. Pre-structure species, domain and expression evidence	Semicolon-delimited text list	Semicolon-delimited species assessed for domain evidence but not supporting the required criterion.	These are true assessed negatives and must remain separate from unavailable species.
domain_unavailable_species	4. Pre-structure species, domain and expression evidence	Semicolon-delimited text list	Semicolon-delimited target-present species without assessable domain evidence.	Missing/unavailable evidence; do not count as negative support.
expression_supported_species_count	4. Pre-structure species, domain and expression evidence	Integer count	Number of expression-assessed species with at least one uniquely mapped candidate member classified as broadly expressed.	Numerator for expression_species_fraction.
expression_available_species_count	4. Pre-structure species, domain and expression evidence	Integer count	Number of target-present species with any candidate-linked expression availability before unique-mapping assessment.	Availability is broader than assessability and can include ambiguous mappings.
expression_assessed_species_count	4. Pre-structure species, domain and expression evidence	Integer count	Number of target-present species with at least one uniquely mapped expression row yielding BROAD or LIMITED evidence.	Denominator for expression_species_fraction; unavailable species are excluded rather than scored zero.
expression_unavailable_species_count	4. Pre-structure species, domain and expression evidence	Integer count	Number of target-present species with no uniquely mapped assessable expression conclusion.	Missing evidence count; not a count of low-expression species.
expression_evidence_coverage_fraction	4. Pre-structure species, domain and expression evidence	Fraction/score (0-1)	expression_assessed_species_count divided by target_species_count.	Measures expression evidence completeness, while expression_species_fraction measures support among assessed species.
expression_supported_species	4. Pre-structure species, domain and expression evidence	Semicolon-delimited text list	Semicolon-delimited expression-assessed species supporting broad expression.	A species is supported if any uniquely mapped candidate member passes the broad-expression rule.
expression_assessed_negative_species	4. Pre-structure species, domain and expression evidence	Semicolon-delimited text list	Semicolon-delimited expression-assessed species classified as LIMITED rather than BROAD.	True assessed negatives under the configured rule; distinct from unavailable species.
expression_unavailable_species	4. Pre-structure species, domain and expression evidence	Semicolon-delimited text list	Semicolon-delimited target-present species without a uniquely mapped assessable expression conclusion.	Never interpret these species as zero expression.
reviewed_seed_fraction	4. Pre-structure species, domain and expression evidence	Fraction/score (0-1)	Fraction of matched known E3 seed identifiers that are reviewed in the source annotation.	Discovery support feature; reviewed status does not validate the new candidate experimentally.
ubiquitin_go_positive_seed_fraction	4. Pre-structure species, domain and expression evidence	Fraction/score (0-1)	Fraction of matched seed identifiers with positive ubiquitin-system GO support.	Discovery evidence fraction derived from seed annotations.
exclusion_flag_fraction	4. Pre-structure species, domain and expression evidence	Fraction/score (0-1)	Fraction of matched seed identifiers carrying configured exclusion-associated GO annotations.	Higher values weaken discovery support; inspect the exact seed records for interpretation.
discovery_score	7. Discovery provenance and cluster composition	Fraction/score (0-1)	Normalized component score summarising discovery-cluster seed support and exclusion evidence.	One component of prestructure_score; not an independent experimental confidence.
orthology_score	4. Pre-structure species, domain and expression evidence	Fraction/score (0-1)	Normalized component score for target and mandatory species representation in the orthology group.	Weighted at 0.35 in prestructure_score under the final profile.
domain_score	4. Pre-structure species, domain and expression evidence	Fraction/score (0-1)	Normalized component score for required-domain support across domain-assessed species.	Weighted at 0.20 in prestructure_score; missing coverage is recorded separately.
expression_score	4. Pre-structure species, domain and expression evidence	Fraction/score (0-1)	Normalized component score derived from expression_species_fraction when expression evidence is assessable.	Missing expression is retained explicitly; no assessed evidence does not constitute a stringent expression pass.
evidence_completeness_fraction	4. Pre-structure species, domain and expression evidence	Fraction/score (0-1)	Fraction of the major evidence dimensions with sufficient assessable data for the record.	A completeness measure, not a biological support score.
grant_aligned_criteria_status	4. Pre-structure species, domain and expression evidence	Categorical status	Categorical summary of the configured pre-structure grant-aligned criteria.	Read with explicit inclusion, exclusion and missing-evidence fields.
grant_aligned_stringent_pass	4. Pre-structure species, domain and expression evidence	Boolean	Boolean indicating that all configured stringent pre-structure criteria pass.	Precedes structural assessment; not equivalent to grant_aligned_final_pass.
computational_structure_selected	4. Pre-structure species, domain and expression evidence	Boolean	Boolean indicating that the evolutionary group fell within the configured top-200 distinct groups selected for structural analysis.	Selection for computation is not a structural pass or experimental recommendation.
discovery_representative_source_file_sample_id	7. Discovery provenance and cluster composition	Identifier/text	Sample identifier parsed from the discovery representative's source file.	Source-file provenance; it may differ from the normalized representative_sample_id.
discovery_representative_source_file_species	7. Discovery provenance and cluster composition	Semicolon-delimited text list	Species label parsed from the discovery representative's source file.	Retained to audit source naming against normalized species.
discovery_representative_sample_id	7. Discovery provenance and cluster composition	Identifier/text	Normalized sample identifier for the discovery-cluster representative sequence.	Use with representative_species and representative_source_path for provenance.
discovery_representative_species	7. Discovery provenance and cluster composition	Semicolon-delimited text list	Normalized species assigned to the discovery-cluster representative sequence.	Representative origin does not imply that the whole cluster is species-specific.
discovery_representative_taxon_id	7. Discovery provenance and cluster composition	Identifier/text	Taxonomic identifier associated with the representative sequence where available.	Blank values mean the source did not provide a resolved taxon identifier.
discovery_representative_proteome_id	7. Discovery provenance and cluster composition	Identifier/text	Named proteome identifier associated with the representative sequence where available.	Blank for 1KP or other sources without a named proteome identifier.
discovery_representative_onekp_sample_code	7. Discovery provenance and cluster composition	Text	1KP sample code associated with the representative sequence where applicable.	Specific to 1KP provenance; blank for named-proteome representatives.
discovery_representative_original_id	7. Discovery provenance and cluster composition	Identifier/text	Original unmodified identifier of the representative sequence in the source data.	Preserves traceability when normalized identifiers differ.
discovery_representative_entry	7. Discovery provenance and cluster composition	Text	Parsed database entry/accession for the representative sequence where one can be extracted.	May be blank for scaffold-style 1KP identifiers.
discovery_representative_sequence_length	7. Discovery provenance and cluster composition	Integer count	Amino-acid length of the discovery-cluster representative sequence.	Sequence length is a provenance/QC attribute, not a ranking score.
discovery_representative_sequence_md5	7. Discovery provenance and cluster composition	MD5 digest	MD5 digest of the representative amino-acid sequence.	Use to verify exact sequence identity independently of labels.
discovery_representative_source_path	7. Discovery provenance and cluster composition	Path text	Source file path recorded for the representative sequence.	Provenance path from the producing environment; it may not exist on another machine.
discovery_known_e3_sequence_count	7. Discovery provenance and cluster composition	Integer count	Number of known E3 seed sequences represented by discovery matches before seed-ID deduplication.	Sequence count can exceed unique seed count when several sequences map to one seed identifier.
discovery_known_e3_seed_count	7. Discovery provenance and cluster composition	Integer count	Number of unique known E3 seed identifiers associated with the cluster.	Unique seed count used for annotation-derived fractions.
discovery_known_e3_seed_ids	7. Discovery provenance and cluster composition	Semicolon-delimited text list	Semicolon-delimited known E3 seed identifiers associated with the cluster.	Compact audit list; consult the seed authority for full annotations.
discovery_matched_seed_sequence_count	7. Discovery provenance and cluster composition	Integer count	Number of seed sequence records matched to the cluster under the discovery matching rules.	Counts sequence records, not necessarily unique seed identifiers.
discovery_matched_seed_id_count	7. Discovery provenance and cluster composition	Integer count	Number of unique seed identifiers matched to the cluster.	Denominator for several seed annotation summaries.
discovery_matched_seed_ids_calculated	7. Discovery provenance and cluster composition	Text	Semicolon-delimited unique seed identifiers calculated from the matched seed records.	Recomputed audit field used to verify annotated seed counts and IDs.
discovery_strict_matched_seed_sequence_count	7. Discovery provenance and cluster composition	Integer count	Number of matched seed sequences satisfying the strict discovery threshold.	Subset of matched_seed_sequence_count.
discovery_non_strict_matched_seed_sequence_count	7. Discovery provenance and cluster composition	Integer count	Number of matched seed sequences failing the strict discovery threshold but retained in raw evidence.	Retained for audit; not counted as strict support.
discovery_annotated_seed_id_count	7. Discovery provenance and cluster composition	Integer count	Number of matched unique seed identifiers with usable seed annotation.	Can be smaller than matched_seed_id_count when annotations are unavailable.
discovery_seed_category_count	7. Discovery provenance and cluster composition	Integer count	Number of distinct seed categories represented among matched annotated seeds.	Category diversity descriptor, not a pass criterion by itself.
discovery_seed_categories	7. Discovery provenance and cluster composition	Semicolon-delimited text list	Semicolon-delimited seed categories represented in the cluster.	Human-readable summary of seed-family evidence.
discovery_seed_review_statuses	7. Discovery provenance and cluster composition	Categorical status	Semicolon-delimited review-status values for matched seeds.	Mixed values can occur; reviewed_seed_fraction provides the numeric summary.
discovery_seed_ubiquitin_go_statuses	7. Discovery provenance and cluster composition	Categorical status	Semicolon-delimited ubiquitin-system GO support statuses for matched seeds.	Source values behind ubiquitin_go_positive_seed_fraction.
discovery_seed_organisms	7. Discovery provenance and cluster composition	Semicolon-delimited text list	Semicolon-delimited source organisms of matched known E3 seeds.	Seed-organism diversity does not equal target-species coverage.
discovery_seed_protein_names	7. Discovery provenance and cluster composition	Semicolon-delimited text list	Semicolon-delimited protein names of matched known E3 seeds.	Useful for biological interpretation; names are not stable join keys.
discovery_reviewed_seed_count	7. Discovery provenance and cluster composition	Integer count	Number of matched unique seed identifiers annotated as reviewed.	Numerator behind reviewed_seed_fraction.
discovery_ubiquitin_go_positive_seed_count	7. Discovery provenance and cluster composition	Integer count	Number of matched unique seed identifiers with positive ubiquitin-system GO support.	Numerator behind ubiquitin_go_positive_seed_fraction.
discovery_seed_with_exclusion_go_term_count	7. Discovery provenance and cluster composition	Integer count	Number of matched unique seeds carrying a configured exclusion-associated GO term.	Positive count contributes to exclusion_flag_fraction; inspect terms before biological conclusions.
discovery_raw_member_count	7. Discovery provenance and cluster composition	Integer count	Number of raw discovery-cluster member sequences before strict filtering.	Includes members that fail strict identity/coverage criteria.
discovery_strict_member_count	7. Discovery provenance and cluster composition	Integer count	Number of discovery-cluster members satisfying the strict matching criteria.	Subset of raw_member_count.
discovery_strict_nonseed_candidate_count	7. Discovery provenance and cluster composition	Integer count	Number of strict cluster members that are not known seed sequences and therefore form candidate evidence.	Candidate-sequence count, not unique species count.
discovery_strict_member_fraction	7. Discovery provenance and cluster composition	Fraction/score (0-1)	strict_member_count divided by raw_member_count.	Cluster purity/retention fraction under the strict filter.
discovery_strict_nonseed_fraction	7. Discovery provenance and cluster composition	Fraction/score (0-1)	strict_nonseed_candidate_count divided by raw_member_count.	Fraction of the raw cluster retained as strict non-seed candidate members.
discovery_raw_sample_count_reported	7. Discovery provenance and cluster composition	Text	Raw sample count reported by the discovery summary source.	Retained alongside the recalculated value to expose reporting discrepancies.
discovery_raw_species_count_reported	7. Discovery provenance and cluster composition	Text	Raw species count reported by the discovery summary source.	Retained alongside the recalculated value to expose reporting discrepancies.
discovery_raw_sample_count_calculated	7. Discovery provenance and cluster composition	Text	Distinct raw sample count recalculated from member records.	Use as the reproducible member-derived raw sample count.
discovery_raw_species_count_calculated	7. Discovery provenance and cluster composition	Text	Distinct raw species count recalculated from member records.	Use as the reproducible member-derived raw species count.
discovery_raw_onekp_sample_count	7. Discovery provenance and cluster composition	Integer count	Number of distinct 1KP samples represented among raw members.	Source-specific coverage count before strict filtering.
discovery_raw_onekp_species_count	7. Discovery provenance and cluster composition	Integer count	Number of distinct normalized 1KP species represented among raw members.	Source-specific species coverage before strict filtering.
discovery_raw_named_proteome_count	7. Discovery provenance and cluster composition	Integer count	Number of distinct named proteomes represented among raw members.	Does not include 1KP samples without named proteome IDs.
discovery_raw_named_species_count	7. Discovery provenance and cluster composition	Integer count	Number of distinct species from named proteomes represented among raw members.	Source-specific species coverage before strict filtering.
discovery_raw_named_proteome_ids	7. Discovery provenance and cluster composition	Semicolon-delimited text list	Semicolon-delimited named proteome identifiers represented among raw members.	Compact provenance list before strict filtering.
discovery_raw_named_cereal_proteome_count	7. Discovery provenance and cluster composition	Integer count	Number of configured named cereal proteomes represented among raw members.	Taxonomic coverage summary before strict filtering.
discovery_raw_named_solanaceae_proteome_count	7. Discovery provenance and cluster composition	Integer count	Number of configured named Solanaceae proteomes represented among raw members.	Taxonomic coverage summary before strict filtering.
discovery_raw_named_legume_proteome_count	7. Discovery provenance and cluster composition	Integer count	Number of configured named legume proteomes represented among raw members.	Taxonomic coverage summary before strict filtering.
discovery_raw_named_brassicaceae_proteome_count	7. Discovery provenance and cluster composition	Integer count	Number of configured named Brassicaceae proteomes represented among raw members.	Taxonomic coverage summary before strict filtering.
discovery_strict_sample_count	7. Discovery provenance and cluster composition	Integer count	Number of distinct samples represented after strict discovery filtering.	Post-filter sample coverage; compare with raw_sample_count_calculated.
discovery_strict_species_count	7. Discovery provenance and cluster composition	Integer count	Number of distinct species represented after strict discovery filtering.	Post-filter species coverage; compare with raw_species_count_calculated.
discovery_strict_onekp_sample_count	7. Discovery provenance and cluster composition	Integer count	Number of distinct 1KP samples represented after strict filtering.	Post-filter 1KP sample coverage.
discovery_strict_onekp_species_count	7. Discovery provenance and cluster composition	Integer count	Number of distinct normalized 1KP species represented after strict filtering.	Post-filter 1KP species coverage.
discovery_strict_named_proteome_count	7. Discovery provenance and cluster composition	Integer count	Number of distinct named proteomes represented after strict filtering.	Post-filter named-proteome coverage.
discovery_strict_named_species_count	7. Discovery provenance and cluster composition	Integer count	Number of distinct named-proteome species represented after strict filtering.	Post-filter named-species coverage.
discovery_strict_named_proteome_ids	7. Discovery provenance and cluster composition	Semicolon-delimited text list	Semicolon-delimited named proteome identifiers retained after strict filtering.	Compact post-filter provenance list.
discovery_strict_named_cereal_proteome_count	7. Discovery provenance and cluster composition	Integer count	Number of configured named cereal proteomes retained after strict filtering.	Post-filter cereal coverage summary.
discovery_strict_named_solanaceae_proteome_count	7. Discovery provenance and cluster composition	Integer count	Number of configured named Solanaceae proteomes retained after strict filtering.	Post-filter Solanaceae coverage summary.
discovery_strict_named_legume_proteome_count	7. Discovery provenance and cluster composition	Integer count	Number of configured named legume proteomes retained after strict filtering.	Post-filter legume coverage summary.
discovery_strict_named_brassicaceae_proteome_count	7. Discovery provenance and cluster composition	Integer count	Number of configured named Brassicaceae proteomes retained after strict filtering.	Post-filter Brassicaceae coverage summary.
discovery_minimum_observed_pident	7. Discovery provenance and cluster composition	Percentage (0-100)	Minimum observed pairwise percent identity among discovery matches contributing to the cluster.	Reported in percentage points (0-100), not as a 0-1 fraction.
discovery_median_observed_pident	7. Discovery provenance and cluster composition	Percentage (0-100)	Median observed pairwise percent identity among discovery matches contributing to the cluster.	Reported in percentage points (0-100).
discovery_maximum_observed_pident	7. Discovery provenance and cluster composition	Percentage (0-100)	Maximum observed pairwise percent identity among discovery matches contributing to the cluster.	Reported in percentage points (0-100).
discovery_minimum_member_coverage	7. Discovery provenance and cluster composition	Percentage (0-100)	Minimum observed member-sequence alignment coverage among discovery matches contributing to the cluster.	Reported in percentage points (0-100), not as a 0-1 fraction.
discovery_median_member_coverage	7. Discovery provenance and cluster composition	Percentage (0-100)	Median member-sequence alignment coverage among discovery matches contributing to the cluster.	Reported in percentage points (0-100).
discovery_maximum_member_coverage	7. Discovery provenance and cluster composition	Percentage (0-100)	Maximum member-sequence alignment coverage among discovery matches contributing to the cluster.	Reported in percentage points (0-100).
orthofinder_group_member_count	8. Linked evidence and QC counts	Integer count	Number of normalized protein-member rows linked to the lead cluster's selected OrthoFinder group.	Row/member count; may exceed species count because a species can contribute multiple proteins.
orthofinder_group_species_count	8. Linked evidence and QC counts	Integer count	Number of distinct species represented among normalized members of the selected OrthoFinder group.	May include more species than the configured target subset.
domain_evidence_row_count	8. Linked evidence and QC counts	Integer count	Number of normalized domain-summary rows linked to the lead cluster.	A provenance/QC count, not a count of positive species.
expression_evidence_row_count	8. Linked evidence and QC counts	Integer count	Number of normalized candidate-expression summary rows linked to the lead cluster.	A linked evidence-row count, not the 32,981,864 tissue-context row count and not a support score.
selected_pocket_count	8. Linked evidence and QC counts	Integer count	Number of selected-pocket records linked to the lead cluster.	Counts primary selected pockets across assessed members; it is not member_pocket_top_k.
pocket_conservation_member_count	8. Linked evidence and QC counts	Integer count	Number of member-level pocket-conservation records linked to the lead cluster.	A processed member-record count; inspect structural_species_fraction for coverage.
